percentage-of-(PT)-overall	percentage-of-(TH)-overall	percentage-of-(QM)-overall	percentage-of-(MIC)-wine	number-of-(P1)-grocery	percentage-of-(ESBR)-wine	east.asian.time.in.us	percentage-of-(SBE)-grocery	percentage-of-(MINEG)-grocery	percentage-of-(INN)-grocery	percentage-of-(IR)-grocery	number-of-(IDN)-overall	profit.joint	percentage-of-(RT)-overall	percentage-of-(MIN)-overall	number-of-(QM)-overall	number-of-(MIN)-overall	percentage-of-(QS)-wine	number-of-(SF)-overall	percentage-of-(IS)-wine	percentage-of-(QM)-grocery	number-of-(IB)-grocery	number-of-(RT)-grocery	percentage-of-(PX)-overall	number-of-(PP)-grocery	number-of-(IDP)-wine	number-of-(GD)-grocery	percentage-of-(OM)-overall	percentage-of-(OT)-wine	percentage-of-(RT)-wine	percentage-of-(QS)-overall	percentage-of-(RP)-overall	percentage-of-(RN)-grocery	number-of-(IDP)-grocery	percentage-of-(IDP)-overall	number-of-(MINEG)-wine	number-of-(PX)-grocery	percentage-of-(IS)-grocery	percentage-of-(IB)-grocery	percentage-of-(QM)-wine	cultural_intelligence	number-of-though-unit	number-of-(CS)-grocery	number-of-(GD)-overall	percentage-of-(MIN)-wine	percentage-of-(INP)-overall	number-of-(OS)-grocery	number-of-(INP)-wine	number-of-(RN)-wine	percentage-of-(RT)-grocery	percentage-of-(MIN)-grocery	percentage-of-(INP)-grocery	number-of-(IR)-wine	number-of-(QR)-overall	number-of-(IS)-grocery	number-of-(IDN)-wine	number-of-(QP)-overall	extroversion	number-of-(OM)-grocery	percentage-of-(IS)-overall	number-of-(QP)-wine	number-of-(IB)-wine	percentage-of-(RN)-overall	number-of-(IR)-grocery	percentage-of-(QR)-overall	number-of-(IB)-overall	number-of-(QS)-overall	percentage-of-(PC)-wine	number-of-(TH)-grocery	number-of-(MINEG)-overall	percentage-of-(PM)-wine	number-of-(PW)-grocery	number-of-(PM)-grocery	percentage-of-(GD)-overall	percentage-of-(PO)-overall	number-of-(SBE)-overall	number-of-(PX)-wine	percentage-of-(PW)-grocery	number-of-(SF)-grocery	percentage-of-(RP)-grocery	number-of-(QR)-wine	number-of-(ESBR)-wine	percentage-of-(MU)-overall	percentage-of-(OM)-wine	number-of-(PM)-overall	number-of-(OS)-overall	percentage-of-(TH)-wine	number-of-(MIC)-wine	percentage-of-(QP)-grocery	IQ	percentage-of-(PM)-overall	number-of-(IR)-overall	number-of-(PO)-wine	percentage-of-(QB)-grocery	number-of-(IDP)-overall	number-of-(IS)-wine	percentage-of-(PX)-wine	percentage-of-(PP)-overall	number-of-(RN)-grocery	number-of-(PC)-overall	percentage-of-(TH)-grocery	percentage-of-(PT)-wine	percentage-of-(IP)-overall	number-of-(MINEG)-grocery	number-of-(IDN)-grocery	number-of-(OT)-grocery	percentage-of-(PC)-overall	percentage-of-(QR)-grocery	number-of-(RN)-overall	percentage-of-(CS)-grocery	percentage-of-(CS)-wine	percentage-of-(MU)-grocery	percentage-of-(QB)-wine	percentage-of-(SF)-overall	number-of-(PO)-overall	number-of-(PM)-wine	number-of-(ESBR)-grocery	number-of-(SBR)-overall	percentage-of-(SF)-wine	number-of-(MU)-wine	number-of-(PW)-wine	percentage-of-(P1)-grocery	number-of-(QP)-grocery	number-of-(P1)-wine	percentage-of-(QS)-grocery	number-of-(OM)-overall	percentage-of-(ESBR)-overall	percentage-of-(PC)-grocery	number-of-(PX)-overall	percentage-of-(P1)-wine	percentage-of-(SBE)-overall	number-of-(OS)-wine	number-of-(PW)-overall	openness	number-of-(IP)-overall	number-of-(OT)-wine	number-of-(PO)-grocery	number-of-(RT)-overall	mean_age	number-of-(IP)-wine	number-of-(INN)-grocery	number-of-(OT)-overall	percentage-of-(OS)-overall	negative_experience	number-of-(QR)-grocery	number-of-(QS)-wine	number-of-(IS)-overall	percentage-of-(SBR)-grocery	number-of-(MIN)-wine	percentage-of-(IP)-wine	number-of-(PC)-wine	number-of-(IP)-grocery	number-of-(INP)-overall	percentage-of-(MU)-wine	number-of-(CS)-wine	number-of-(PT)-overall	number-of-(P1)-overall	number-of-though-unit-grocery	percentage-of-(SBR)-overall	number-of-(GD)-wine	number-of-(CS)-overall	number-of-(MIC)-overall	percentage-of-(IDN)-grocery	number-of-(TH)-overall	percentage-of-(OS)-grocery	percentage-of-(IDP)-grocery	percentage-of-(PM)-grocery	number-of-(INP)-grocery	number-of-(PC)-grocery	percentage-of-(PW)-overall	number-of-(PP)-wine	number-of-(QB)-wine	number-of-(INN)-wine	number-of-(MIN)-grocery	number-of-(ESBR)-overall	percentage-of-(IR)-wine	number-of-(SBR)-grocery	percentage-of-(OM)-grocery	percentage-of-(PO)-wine	percentage-of-(QR)-wine	percentage-of-(P1)-overall	percentage-of-(MIC)-grocery	percentage-of-(PO)-grocery	percentage-of-(PW)-wine	percentage-of-(IDN)-wine	percentage-of-(RP)-wine	percentage-of-(PP)-grocery	number-of-(QM)-wine	percentage-of-(IB)-overall	percentage-of-(PP)-wine	number-of-(PT)-grocery	education	number-of-(RP)-wine	percentage-of-(INN)-overall	percentage-of-(SBR)-wine	number-of-(MU)-grocery	number-of-(TH)-wine	wine-is-East-Asian	number-of-(RT)-wine	percentage-of-(RN)-wine	percentage-of-(MIC)-overall	number-of-(MU)-overall	percentage-of-(SBE)-wine	percentage-of-(QP)-overall	number-of-(OM)-wine	percentage-of-(INN)-wine	percentage-of-(OS)-wine	percentage-of-(IDN)-overall	number-of-(RP)-grocery	percentage-of-(OT)-grocery	percentage-of-(ESBR)-grocery	percentage-of-(IDP)-wine	percentage-of-(IB)-wine	number-of-(SF)-wine	percentage-of-(MINEG)-overall	number-of-(MIC)-grocery	number-of-though-unit-wine	percentage-of-(GD)-grocery	percentage-of-(PT)-grocery	number-of-(PP)-overall	number-of-(SBE)-grocery	percentage-of-(PX)-grocery	percentage-of-(QP)-wine	number-of-(PT)-wine	percentage-of-(MINEG)-wine	number-of-(QB)-grocery	percentage-of-(OT)-overall	ID	number-of-(QM)-grocery	number-of-(SBE)-wine	percentage-of-(GD)-wine	percentage-of-(IR)-overall	emotional.intelligence	percentage-of-(IP)-grocery	percentage-of-(SF)-grocery	percentage-of-(CS)-overall	number-of-(RP)-overall	profit.diff	number-of-(QS)-grocery	percentage-of-(QB)-overall	number-of-(QB)-overall	number-of-(INN)-overall	number-of-(SBR)-wine	percentage-of-(INP)-wine
0.0	0.0	0.05	0.096	2	0.0	32	0.0	0.0	0.0347826086957	0.00869565217391	2	1480	0.0	0.25	12	60	0.016	0	0.0	0.0521739130435	1	0	0.0	3	0	0	0.025	0.0	0.0	0.00833333333333	0.0166666666667	0.0	0	0.0	0	0	0.0	0.00869565217391	0.048	5.375	240	0	0	0.264	0.0	3	0	3	0.0	0.234782608696	0.0	1	0	0	1	8	4.35	4	0.0	4	0	0.0125	1	0.0	1	2	0.016	0	0	0.016	0	3	0.0	0.0291666666667	0	0	0.0	0	0.00869565217391	0	0	0.00416666666667	0.016	5	3	0.0	12	0.0347826086957	0.827053212541758	0.0208333333333	2	4	0.0	0	0	0.0	0.0166666666667	0	4	0.0	0.0	0.0666666666667	0	1	0	0.0166666666667	0.0	3	0.0	0.0	0.00869565217391	0.0	0.0	7	2	0	68	0.0	0	0	0.0173913043478	4	2	0.0	6	0.0	0.0173913043478	0	0.016	0.0	0	0	4.75	16	0	3	0	34.5	8	4	0	0.0125	no	0	2	0	0.260869565217	33	0.064	2	8	0	0.0	0	0	4	115	0.283333333333	0	0	23	0.00869565217391	0	0.0260869565217	0.0	0.0260869565217	0	2	0.0	1	0	1	27	0	0.008	30	0.0347826086957	0.032	0.0	0.0166666666667	0.095652173913	0.0260869565217	0.0	0.008	0.024	0.0260869565217	6	0.00416666666667	0.008	0	Graduate	3	0.0208333333333	0.304	1	0	True	0	0.024	0.0958333333333	1	0.0	0.0333333333333	2	0.008	0.0	0.00833333333333	1	0.0	0.0	0.0	0.0	0	0.0	11	125	0.0	0.0	4	0	0.0	0.032	0	0.0	0	0.0	2	6	0	0.0	0.00833333333333	4.46969696969697	0.0695652173913	0.0	0.0	4	320	0	0.0	0	5	38	0.0
0.0	0.0	0.0510204081633	0.0747663551402	0	0.0	40	0.0	0.0	0.0	0.0	1	1320	0.0	0.0867346938776	10	17	0.0	0	0.0	0.0561797752809	1	0	0.0	3	0	0	0.0357142857143	0.0	0.0	0.0102040816327	0.0255102040816	0.0337078651685	0	0.0	0	0	0.0	0.0112359550562	0.0467289719626	5.225	196	1	0	0.102803738318	0.0204081632653	1	3	3	0.0	0.0674157303371	0.0112359550562	0	0	0	1	12	3.8	3	0.0	5	0	0.030612244898	0	0.0	1	2	0.00934579439252	0	0	0.00934579439252	0	1	0.0	0.0	0	0	0.0	0	0.0449438202247	0	0	0.00510204081633	0.0373831775701	2	4	0.0	8	0.0786516853933	0.870269700305534	0.0102040816327	0	0	0.0	0	0	0.0	0.030612244898	3	3	0.0	0.0	0.158163265306	0	0	0	0.015306122449	0.0	6	0.0112359550562	0.0373831775701	0.0	0.0	0.0	0	1	0	56	0.0	1	0	0.0	7	1	0.0224719101124	7	0.0	0.0224719101124	0	0.00934579439252	0.0	3	0	3.6	31	0	0	0	28	15	0	0	0.0204081632653	no	0	0	0	0.23595505618	11	0.140186915888	1	16	4	0.00934579439252	4	0	1	89	0.285714285714	0	5	20	0.0	0	0.0112359550562	0.0	0.0112359550562	1	2	0.0	3	0	2	6	0	0.0	21	0.0337078651685	0.0	0.0	0.00510204081633	0.134831460674	0.0	0.0	0.00934579439252	0.00934579439252	0.0337078651685	5	0.00510204081633	0.0280373831776	0	Graduate	1	0.0102040816327	0.327102803738	0	0	False	0	0.0280373831776	0.102040816327	1	0.0	0.0612244897959	4	0.018691588785	0.0280373831776	0.00510204081633	4	0.0	0.0	0.0	0.0	0	0.0	12	107	0.0	0.0	6	0	0.0	0.0467289719626	0	0.0	0	0.0	3	5	0	0.0	0.0	4	0.179775280899	0.0	0.0255102040816	5	0	2	0.0	0	2	35	0.0280373831776
0.0	0.0	0.0731707317073	0.15	0	0.0	58	0.0	0.0	0.0	0.166666666667	0	1480	0.0	0.170731707317	6	14	0.0	0	0.0	0.0238095238095	0	0	0.0	1	0	0	0.0243902439024	0.15	0.0	0.0	0.0365853658537	0.0238095238095	0	0.0	0	0	0.0	0.0	0.125	5.2	82	0	0	0.125	0.0	0	0	0	0.0	0.214285714286	0.0	2	5	0	0	4	3.85	1	0.0	2	0	0.0121951219512	7	0.0609756097561	0	0	0.05	0	0	0.0	0	0	0.0	0.0243902439024	0	0	0.0	0	0.0238095238095	3	0	0.0	0.025	0	3	0.0	6	0.047619047619	0.613758974949595	0.0	9	0	0.0	0	0	0.0	0.0365853658537	1	2	0.0	0.0	0.0853658536585	0	0	6	0.0243902439024	0.047619047619	1	0.0	0.0	0.0	0.0	0.0	2	0	0	2	0.0	0	0	0.0	2	0	0.0	2	0.0	0.0	0	0.0	0.0	3	0	3.9	7	6	2	0	27	1	0	12	0.0365853658537	yes	2	0	0	0.047619047619	5	0.025	2	6	0	0.0	0	0	0	42	0.0243902439024	0	0	7	0.0	0	0.0	0.0	0.0	0	0	0.0	2	0	0	9	0	0.05	2	0.0238095238095	0.0	0.075	0.0	0.0238095238095	0.047619047619	0.0	0.0	0.05	0.0238095238095	5	0.0	0.05	0	Graduate	2	0.0	0.0	0	0	False	0	0.0	0.0853658536585	0	0.0	0.0487804878049	1	0.0	0.075	0.0	1	0.142857142857	0.0	0.0	0.0	0	0.0	1	40	0.0	0.0	3	0	0.0	0.05	0	0.0	0	0.146341463415	4	1	0	0.0	0.109756097561	3.89393939393939	0.142857142857	0.0	0.0	3	40	0	0.0	0	0	0	0.0
0.0	0.0	0.0564102564103	0.025	0	0.0	8	0.0	0.0	0.00869565217391	0.0	1	1320	0.0	0.128205128205	11	25	0.025	3	0.0	0.0260869565217	2	0	0.0	3	0	0	0.0871794871795	0.0375	0.0	0.025641025641	0.0153846153846	0.0434782608696	1	0.00512820512821	0	0	0.0	0.0173913043478	0.1	4.7	195	0	0	0.15	0.0	2	0	6	0.0	0.113043478261	0.0	0	0	0	1	7	3.45	11	0.0	1	1	0.0564102564103	0	0.0	3	5	0.025	0	0	0.0	0	1	0.0	0.0153846153846	0	0	0.0	2	0.0173913043478	0	0	0.0	0.075	1	3	0.0	2	0.0521739130435	0.199518067697782	0.00512820512821	0	0	0.0	1	0	0.0	0.0307692307692	5	5	0.0	0.0	0.0923076923077	0	0	5	0.025641025641	0.0	11	0.0	0.0125	0.0	0.0	0.0153846153846	3	0	0	52	0.0125	0	0	0.0	6	0	0.0260869565217	17	0.0	0.0260869565217	0	0.0	0.0	1	0	4.45	18	3	3	0	40.5	9	1	8	0.0153846153846	yes	0	2	0	0.278260869565	12	0.1125	2	9	0	0.0	1	0	0	115	0.266666666667	0	1	10	0.0	0	0.0173913043478	0.00869565217391	0.00869565217391	0	3	0.0	3	0	0	13	0	0.0	32	0.095652173913	0.0	0.0	0.0	0.0695652173913	0.0260869565217	0.0	0.0125	0.0125	0.0260869565217	8	0.0153846153846	0.0375	0	Graduate	1	0.00512820512821	0.25	0	0	True	0	0.075	0.0512820512821	0	0.0	0.0358974358974	6	0.0	0.0125	0.00512820512821	2	0.0434782608696	0.0	0.0	0.0125	1	0.0	8	80	0.0	0.0	6	0	0.0	0.0125	0	0.0	0	0.0410256410256	5	3	0	0.0	0.0	3.68181818181818	0.0782608695652	0.0173913043478	0.00512820512821	3	120	3	0.0	0	1	20	0.0
0.0	0.0	0.0855263157895	0.0144927536232	3	0.0	17	0.0	0.0120481927711	0.0	0.0120481927711	0	1320	0.00657894736842	0.164473684211	13	25	0.0	2	0.0	0.0722891566265	0	1	0.0	1	1	0	0.0328947368421	0.0	0.0	0.0	0.0328947368421	0.0120481927711	1	0.0131578947368	0	0	0.0	0.0	0.101449275362	5.525	152	0	0	0.202898550725	0.0	6	0	1	0.0120481927711	0.132530120482	0.0	3	0	0	0	5	4.05	3	0.0	4	0	0.0131578947368	1	0.0	0	0	0.0289855072464	0	1	0.0	0	2	0.0	0.0263157894737	0	0	0.0	2	0.0120481927711	0	0	0.0	0.0289855072464	2	12	0.0	1	0.0120481927711	0.632280326848358	0.0131578947368	4	0	0.0	2	0	0.0	0.00657894736842	1	3	0.0	0.0	0.0986842105263	1	0	1	0.0197368421053	0.0	2	0.0	0.0	0.0	0.0	0.0131578947368	4	0	0	35	0.0	0	0	0.0361445783133	1	4	0.0	5	0.0	0.0120481927711	0	0.0579710144928	0.0	6	0	3.75	15	0	4	1	29	6	0	1	0.0789473684211	no	0	0	0	0.253012048193	14	0.0869565217391	2	9	0	0.0	0	0	7	83	0.230263157895	0	0	7	0.0	0	0.0722891566265	0.0120481927711	0.0240963855422	0	1	0.0	0	0	0	11	0	0.0434782608696	21	0.0361445783133	0.0	0.0	0.0460526315789	0.0722891566265	0.0481927710843	0.0	0.0	0.0579710144928	0.0120481927711	7	0.0	0.0	0	Graduate	4	0.0	0.202898550725	0	0	True	0	0.0144927536232	0.0460526315789	0	0.0	0.0328947368421	2	0.0	0.0869565217391	0.0	1	0.0120481927711	0.0	0.0144927536232	0.0	0	0.00657894736842	6	69	0.0	0.0	1	0	0.0	0.0579710144928	0	0.0	0	0.00657894736842	9	6	0	0.0	0.0263157894737	3.66666666666667	0.10843373494	0.0240963855422	0.0	5	220	0	0.0	0	0	14	0.0
0.0	0.0	0.0684931506849	0.041095890411	2	0.0	6	0.0	0.0	0.0	0.027397260274	1	1400	0.0	0.0684931506849	10	10	0.0	0	0.0	0.0958904109589	1	0	0.0	0	0	0	0.041095890411	0.0	0.0	0.041095890411	0.041095890411	0.0	0	0.0	1	0	0.0	0.013698630137	0.041095890411	4.875	146	0	0	0.0821917808219	0.00684931506849	2	0	0	0.0	0.0547945205479	0.013698630137	3	1	0	1	3	3.64444444444444	0	0.0	2	1	0.0	2	0.00684931506849	2	6	0.013698630137	0	1	0.013698630137	0	1	0.0	0.0205479452055	0	0	0.0	0	0.0684931506849	1	0	0.0	0.0821917808219	2	8	0.0	3	0.013698630137	-0.653658882670862	0.013698630137	5	3	0.0	0	0	0.0	0.013698630137	0	3	0.0	0.0	0.0821917808219	0	0	0	0.0205479452055	0.0	0	0.0	0.0	0.0	0.0	0.0	3	1	0	48	0.0	0	0	0.027397260274	1	2	0.0821917808219	6	0.0	0.027397260274	0	0.027397260274	0.0	6	0	3.6	12	0	0	0	29	7	0	0	0.0547945205479	no	0	0	0	0.342465753425	6	0.0958904109589	1	5	1	0.0	0	0	4	73	0.328767123288	0	0	12	0.0	0	0.027397260274	0.0	0.013698630137	1	2	0.0	2	0	0	4	0	0.041095890411	25	0.0	0.041095890411	0.013698630137	0.027397260274	0.123287671233	0.0	0.0	0.013698630137	0.013698630137	0.0	3	0.013698630137	0.027397260274	0	Graduate	1	0.0	0.315068493151	0	0	False	0	0.0	0.0821917808219	0	0.0	0.0205479452055	6	0.0	0.0821917808219	0.00684931506849	5	0.0	0.0	0.0	0.013698630137	0	0.00684931506849	9	73	0.0	0.0	2	0	0.0	0.027397260274	0	0.013698630137	0	0.0	10	7	0	0.0	0.0342465753425	3.53219696969697	0.0684931506849	0.0	0.0	6	200	6	0.0	0	0	23	0.0
0.0	0.0	0.0359712230216	0.025641025641	1	0.0	46	0.0	0.0	0.016393442623	0.0491803278689	1	1400	0.0	0.136690647482	5	19	0.0512820512821	0	0.0	0.0491803278689	0	0	0.0	4	0	0	0.0791366906475	0.0	0.0	0.0287769784173	0.0287769784173	0.0	0	0.0	0	0	0.0	0.0	0.025641025641	4.95	139	0	0	0.128205128205	0.0	0	0	6	0.0	0.147540983607	0.0	1	0	0	0	8	3	5	0.0	1	6	0.0431654676259	3	0.0	6	4	0.0	0	0	0.0	0	1	0.0	0.00719424460432	0	0	0.0	0	0.0655737704918	0	0	0.0	0.0769230769231	1	2	0.0	2	0.114754098361	0.650801678747121	0.00719424460432	4	0	0.0	0	0	0.0	0.0503597122302	0	0	0.0	0.0	0.0935251798561	0	1	0	0.0	0.0	6	0.0	0.0	0.0	0.0	0.0	1	0	0	41	0.0	0	0	0.016393442623	7	0	0.0	11	0.0	0.0	0	0.0	0.0	2	0	3.55	13	0	1	0	26	9	1	0	0.0143884892086	no	0	4	0	0.245901639344	10	0.115384615385	0	4	0	0.0	0	0	1	61	0.294964028777	0	0	4	0.016393442623	0	0.0	0.0	0.016393442623	0	0	0.0	3	0	0	9	0	0.0128205128205	15	0.0819672131148	0.0	0.0	0.00719424460432	0.0327868852459	0.016393442623	0.0	0.0	0.0	0.0655737704918	2	0.0431654676259	0.0384615384615	0	Graduate	0	0.00719424460432	0.333333333333	0	0	True	0	0.0769230769231	0.0287769784173	0	0.0	0.0575539568345	6	0.0	0.025641025641	0.00719424460432	4	0.0	0.0	0.0	0.0769230769231	0	0.0	2	78	0.0	0.0	7	0	0.0	0.0128205128205	0	0.0	0	0.0	11	3	0	0.0	0.0287769784173	3.83333333333333	0.0655737704918	0.0	0.0	4	220	0	0.0	0	1	26	0.0
0.0	0.0	0.0792079207921	0.114942528736	2	0.0	9	0.0	0.00869565217391	0.0173913043478	0.0260869565217	0	1400	0.0	0.143564356436	16	29	0.0459770114943	1	0.0	0.0521739130435	0	0	0.0148514851485	4	0	0	0.0346534653465	0.0114942528736	0.0	0.029702970297	0.00990099009901	0.0	1	0.0049504950495	0	0	0.0	0.0	0.114942528736	4.8	202	0	0	0.126436781609	0.0049504950495	11	0	1	0.0	0.15652173913	0.00869565217391	3	5	0	0	15	2.45	3	0.0	9	0	0.0049504950495	3	0.0247524752475	0	6	0.0	0	1	0.0229885057471	0	2	0.0	0.00990099009901	0	3	0.0	1	0.0	3	0	0.0	0.0459770114943	4	15	0.0	10	0.0521739130435	-1.47596691320824	0.019801980198	6	1	0.0	1	0	0.0344827586207	0.0346534653465	0	1	0.0	0.0	0.0940594059406	1	0	0	0.0049504950495	0.0173913043478	1	0.0	0.0	0.0	0.0	0.0049504950495	2	2	0	29	0.0	0	0	0.0173913043478	6	0	0.0173913043478	7	0.0	0.00869565217391	3	0.0	0.0	4	0	3.15	19	1	1	0	34	7	2	1	0.0742574257426	no	2	4	0	0.173913043478	11	0.0804597701149	0	12	1	0.0	0	0	2	115	0.143564356436	0	0	26	0.0	0	0.095652173913	0.00869565217391	0.0173913043478	1	1	0.0	3	0	0	18	0	0.0344827586207	20	0.0260869565217	0.0114942528736	0.0344827586207	0.00990099009901	0.139130434783	0.00869565217391	0.0	0.0	0.0229885057471	0.0347826086957	10	0.0	0.0344827586207	0	Graduate	2	0.00990099009901	0.103448275862	0	0	True	0	0.0114942528736	0.128712871287	0	0.0	0.0742574257426	4	0.0	0.0459770114943	0.0	0	0.0	0.0	0.0	0.0	0	0.0049504950495	16	87	0.0	0.0	7	0	0.0	0.103448275862	0	0.0	0	0.0049504950495	12	6	0	0.0	0.029702970297	3.5	0.104347826087	0.00869565217391	0.0	2	140	2	0.0	0	2	9	0.0
0.00632911392405	0.0	0.0569620253165	0.0510204081633	1	0.0	20	0.0	0.0	0.0	0.0	4	1400	0.0	0.0949367088608	9	15	0.0	0	0.0	0.0833333333333	0	0	0.0	1	3	0	0.00632911392405	0.0	0.0	0.00632911392405	0.0316455696203	0.0	0	0.0189873417722	1	0	0.0	0.0	0.0408163265306	5.325	158	0	0	0.0816326530612	0.0	4	0	0	0.0	0.116666666667	0.0	2	0	0	2	10	3.6	0	0.0	5	0	0.0	0	0.0	0	1	0.0204081632653	0	1	0.0204081632653	0	1	0.0	0.0189873417722	0	0	0.0	0	0.05	0	0	0.00632911392405	0.0102040816327	3	7	0.0	5	0.0833333333333	-0.726350189652548	0.0189873417722	2	2	0.0	3	0	0.0	0.0253164556962	0	3	0.0	0.0102040816327	0.132911392405	0	2	0	0.0189873417722	0.0	0	0.0	0.0	0.0166666666667	0.0102040816327	0.0	3	2	0	51	0.0	0	0	0.0166666666667	5	3	0.0166666666667	1	0.0	0.0166666666667	0	0.030612244898	0.0	3	0	4.25	21	0	1	0	26	12	0	0	0.0443037974684	yes	0	0	0	0.25	8	0.122448979592	2	9	0	0.0	0	1	4	60	0.322784810127	0	0	8	0.0333333333333	0	0.0666666666667	0.0	0.0166666666667	0	1	0.0	3	1	0	7	0	0.0204081632653	15	0.0	0.0204081632653	0.0	0.0253164556962	0.05	0.0166666666667	0.0	0.0204081632653	0.0204081632653	0.0166666666667	4	0.0	0.030612244898	0	Graduate	2	0.0	0.367346938776	1	0	False	0	0.0	0.0506329113924	1	0.0	0.0632911392405	1	0.0	0.030612244898	0.0253164556962	3	0.0	0.0	0.030612244898	0.0	0	0.00632911392405	3	98	0.0	0.0	4	0	0.0	0.0510204081633	1	0.0102040816327	0	0.0	13	5	0	0.0	0.0126582278481	3.72395833333333	0.15	0.0	0.0	5	220	1	0.00632911392405	1	0	36	0.0
0.00617283950617	0.0	0.0864197530864	0.0	2	0.0	23	0.0	0.0	0.0285714285714	0.1	1	1480	0.0	0.234567901235	14	38	0.0326086956522	0	0.0108695652174	0.0857142857143	0	0	0.0	2	0	0	0.0617283950617	0.0326086956522	0.0	0.0308641975309	0.037037037037	0.0142857142857	0	0.0	0	0	0.0	0.0	0.0869565217391	5.675	162	0	0	0.29347826087	0.0	0	0	2	0.0	0.157142857143	0.0	5	9	0	1	11	3.6	3	0.00617283950617	7	0	0.0185185185185	7	0.0555555555556	0	5	0.0108695652174	0	0	0.0	0	0	0.0	0.0185185185185	0	0	0.0	0	0.0571428571429	5	0	0.0	0.0760869565217	0	0	0.0	0	0.0571428571429	-0.647485098704611	0.0	12	1	0.0	0	1	0.0	0.0123456790123	1	3	0.0	0.0108695652174	0.0555555555556	0	0	0	0.0185185185185	0.0571428571429	3	0.0	0.0	0.0	0.0	0.0	3	0	0	20	0.0	0	0	0.0285714285714	4	0	0.0285714285714	10	0.0	0.0285714285714	0	0.0	0.0	0	0	3.6	9	3	2	0	26.5	5	2	3	0.0	yes	4	3	1	0.142857142857	27	0.054347826087	1	4	0	0.0	0	1	2	70	0.123456790123	0	0	4	0.0	0	0.0	0.0	0.0	0	2	0.0	0	0	3	11	0	0.054347826087	10	0.0428571428571	0.0108695652174	0.054347826087	0.0123456790123	0.0571428571429	0.0285714285714	0.0	0.0108695652174	0.0217391304348	0.0285714285714	8	0.0	0.0	0	Graduate	2	0.0308641975309	0.108695652174	0	0	False	0	0.0217391304348	0.0246913580247	0	0.0	0.0679012345679	7	0.0326086956522	0.0	0.00617283950617	4	0.0	0.0	0.0	0.0	0	0.0	4	92	0.0	0.0	2	0	0.0	0.0760869565217	1	0.0	0	0.0185185185185	14	6	0	0.0	0.0740740740741	3.68181818181818	0.0571428571429	0.0	0.0	6	0	2	0.0	0	5	10	0.0
0.00454545454545	0.0	0.05	0.0673076923077	4	0.0	48	0.0	0.0	0.00862068965517	0.0172413793103	2	1400	0.00909090909091	0.368181818182	11	81	0.0	1	0.0	0.00862068965517	0	0	0.0	6	0	0	0.0318181818182	0.0	0.0192307692308	0.00454545454545	0.0363636363636	0.0172413793103	0	0.0	0	0	0.0	0.0	0.0961538461538	3.975	220	2	0	0.413461538462	0.0136363636364	2	2	1	0.0	0.327586206897	0.00862068965517	3	2	0	1	6	3.25	5	0.0	2	0	0.0136363636364	2	0.00909090909091	0	1	0.00961538461538	0	0	0.0	0	0	0.0	0.0136363636364	0	0	0.0	1	0.0258620689655	2	0	0.00454545454545	0.0192307692308	0	3	0.0	7	0.0344827586207	0.772883257458838	0.0	5	2	0.0	0	0	0.0	0.0363636363636	2	4	0.0	0.00961538461538	0.0818181818182	0	1	0	0.0181818181818	0.0	3	0.0172413793103	0.0	0.00862068965517	0.0	0.00454545454545	3	0	0	20	0.0	0	0	0.0344827586207	4	2	0.00862068965517	7	0.0	0.0258620689655	0	0.0192307692308	0.0	1	0	3.95	18	0	1	2	27.5	7	1	0	0.0136363636364	no	0	0	0	0.120689655172	43	0.0673076923077	1	11	3	0.0	0	1	6	116	0.0909090909091	0	2	19	0.00862068965517	0	0.0172413793103	0.0	0.0	1	3	0.0	2	0	2	38	0	0.0288461538462	14	0.0431034482759	0.0192307692308	0.0192307692308	0.0272727272727	0.103448275862	0.00862068965517	0.0	0.00961538461538	0.0480769230769	0.051724137931	10	0.0	0.0192307692308	0	Graduate	5	0.0136363636364	0.0576923076923	1	0	False	2	0.00961538461538	0.0863636363636	1	0.0	0.0272727272727	2	0.0192307692308	0.00961538461538	0.00909090909091	3	0.0	0.0	0.0	0.0	0	0.0	12	104	0.0	0.0	8	0	0.0	0.0192307692308	1	0.0	0	0.0	16	1	0	0.0	0.0227272727273	3.63636363636364	0.0948275862069	0.00862068965517	0.00909090909091	8	120	1	0.0	0	3	6	0.0192307692308
0.0	0.0	0.0330578512397	0.11320754717	2	0.0	23	0.0	0.0	0.0	0.0	1	1240	0.0	0.107438016529	4	13	0.0	1	0.0	0.0588235294118	1	0	0.0	0	0	0	0.00826446280992	0.0754716981132	0.0	0.0413223140496	0.0413223140496	0.0147058823529	0	0.0	0	0	0.0	0.0147058823529	0.0	5.35	121	4	0	0.11320754717	0.0165289256198	3	0	0	0.0	0.102941176471	0.0294117647059	1	0	0	0	10	3.9	0	0.0	5	2	0.00826446280992	0	0.0	3	5	0.0188679245283	0	0	0.0188679245283	0	0	0.0	0.0	0	0	0.0	0	0.0441176470588	0	0	0.00826446280992	0.0188679245283	1	8	0.0	6	0.0735294117647	-0.757219109483816	0.00826446280992	1	0	0.0	0	0	0.0	0.00826446280992	1	1	0.0	0.0	0.115702479339	0	1	4	0.00826446280992	0.0	1	0.0588235294118	0.0188679245283	0.0147058823529	0.0	0.00826446280992	0	1	0	22	0.0188679245283	0	0	0.0294117647059	5	0	0.0735294117647	1	0.0	0.0	0	0.0	0.0	5	0	4.15	14	4	0	0	27	7	0	8	0.0661157024793	no	0	0	0	0.191176470588	6	0.132075471698	1	7	2	0.0	1	0	2	68	0.181818181818	0	5	11	0.0147058823529	0	0.0441176470588	0.0	0.0	2	0	0.0	1	0	0	7	0	0.0188679245283	13	0.0	0.0	0.0	0.0165289256198	0.0735294117647	0.0	0.0	0.0	0.0377358490566	0.0	0	0.0247933884298	0.0188679245283	0	Graduate	2	0.0	0.169811320755	1	0	False	0	0.0	0.0909090909091	1	0.0	0.0826446280992	1	0.0	0.0943396226415	0.00826446280992	3	0.0588235294118	0.0	0.0	0.0377358490566	1	0.0	5	53	0.0	0.0	1	0	0.0	0.0943396226415	0	0.0	0	0.0661157024793	18	4	0	0.0	0.00826446280992	4.3030303030303	0.102941176471	0.0	0.0413223140496	5	0	5	0.0	0	0	9	0.0
0.0	0.0	0.0428571428571	0.04	0	0.0	10	0.0	0.0555555555556	0.0111111111111	0.0	3	1320	0.0	0.0928571428571	6	13	0.0	1	0.0	0.0111111111111	0	0	0.0	2	0	0	0.0571428571429	0.0	0.0	0.00714285714286	0.0285714285714	0.0222222222222	2	0.0142857142857	1	0	0.0	0.0	0.1	5.275	140	0	0	0.14	0.00714285714286	5	0	0	0.0	0.0666666666667	0.0111111111111	2	1	0	0	5	3.6	5	0.0	1	0	0.0142857142857	0	0.00714285714286	0	1	0.0	0	6	0.02	0	2	0.0	0.00714285714286	0	0	0.0	1	0.0222222222222	0	0	0.0	0.06	3	10	0.0	2	0.0444444444444	0.99852506298351	0.0214285714286	2	0	0.0	2	0	0.0	0.0214285714286	2	3	0.0	0.0	0.128571428571	5	3	2	0.0214285714286	0.0111111111111	2	0.0	0.0	0.0	0.0	0.00714285714286	1	1	0	29	0.0	0	0	0.0	4	3	0.0111111111111	8	0.0	0.0333333333333	0	0.06	0.0	5	0	4.35	18	0	1	0	24	4	1	2	0.0714285714286	yes	1	0	0	0.188888888889	7	0.08	0	14	1	0.0	0	0	3	90	0.207142857143	0	0	11	0.0333333333333	0	0.0555555555556	0.0222222222222	0.0222222222222	1	3	0.0	1	0	1	6	0	0.04	17	0.0555555555556	0.0	0.0	0.0214285714286	0.1	0.0111111111111	0.0	0.0	0.04	0.0222222222222	5	0.0	0.02	0	Graduate	2	0.0142857142857	0.24	0	0	True	0	0.0	0.0785714285714	0	0.0	0.0357142857143	3	0.02	0.1	0.0214285714286	2	0.0222222222222	0.0	0.0	0.0	0	0.0428571428571	9	50	0.0	0.0	3	0	0.0	0.02	0	0.02	0	0.0142857142857	19	1	0	0.0	0.0142857142857	3.63636363636364	0.155555555556	0.0111111111111	0.0	4	100	1	0.0	0	2	12	0.0
0.00224719101124	0.0	0.0449438202247	0.0347826086957	3	0.0	60	0.0	0.0232558139535	0.0	0.0	1	1240	0.0	0.188764044944	20	84	0.00869565217391	4	0.0	0.0511627906977	1	0	0.0	3	0	0	0.038202247191	0.0	0.0	0.0157303370787	0.0134831460674	0.0093023255814	0	0.0	4	0	0.0	0.0046511627907	0.0391304347826	5.075	445	0	0	0.217391304348	0.0112359550562	11	0	2	0.0	0.158139534884	0.0232558139535	2	1	0	0	13	3.55	10	0.0	4	4	0.00898876404494	0	0.00224719101124	5	7	0.0	0	9	0.0130434782609	1	4	0.0	0.00449438202247	0	0	0.0046511627907	3	0.0046511627907	0	0	0.00224719101124	0.0304347826087	7	22	0.0	8	0.0418604651163	-0.111162612741079	0.0157303370787	2	2	0.0	0	0	0.0	0.00898876404494	2	2	0.0	0.0	0.076404494382	5	1	0	0.00449438202247	0.0046511627907	4	0.0	0.0	0.0	0.0	0.00898876404494	2	3	0	164	0.00434782608696	1	0	0.0139534883721	9	2	0.0232558139535	17	0.0	0.0093023255814	0	0.00869565217391	0.0	11	1	4	34	0	0	0	29.5	19	0	0	0.0494382022472	yes	1	2	0	0.33023255814	50	0.0826086956522	0	15	5	0.00434782608696	0	1	5	215	0.368539325843	0	0	24	0.0046511627907	0	0.0511627906977	0.0	0.0186046511628	5	2	0.00224719101124	1	0	0	34	0	0.00869565217391	71	0.046511627907	0.00869565217391	0.0	0.0112359550562	0.0744186046512	0.0	0.0	0.0	0.0217391304348	0.0139534883721	9	0.0112359550562	0.00434782608696	1	Graduate	5	0.0	0.404347826087	0	0	True	0	0.00869565217391	0.0539325842697	1	0.0	0.0292134831461	7	0.0	0.0478260869565	0.00224719101124	1	0.0	0.0	0.0	0.0173913043478	1	0.0202247191011	16	230	0.0	0.0046511627907	4	0	0.0	0.0173913043478	0	0.0173913043478	0	0.0	20	11	0	0.0	0.00449438202247	4.3030303030303	0.0697674418605	0.0139534883721	0.0	6	0	5	0.0	0	0	93	0.0
0.0	0.0	0.0561797752809	0.0	0	0.0	?	0.0	0.0185185185185	0.0	0.0740740740741	0	1400	0.0112359550562	0.179775280899	5	16	0.0	0	0.0	0.0925925925926	0	1	0.0	1	0	0	0.0786516853933	0.171428571429	0.0	0.0	0.0449438202247	0.0	0	0.0	0	0	0.0	0.0	0.0	4.82368421052631	89	0	0	0.142857142857	0.0112359550562	3	0	0	0.0185185185185	0.203703703704	0.0185185185185	3	0	0	0	6	3.75	4	0.0	2	0	0.0	4	0.0	0	0	0.0571428571429	0	1	0.0	0	0	0.0	0.0449438202247	0	0	0.0	0	0.037037037037	0	0	0.0	0.0857142857143	0	3	0.0	0	0.0740740740741	0.21186563563029	0.0	7	2	0.0	0	0	0.0	0.0112359550562	0	4	0.0	0.0	0.14606741573	1	0	4	0.0449438202247	0.0	0	0.0	0.0	0.0	0.0	0.0	4	0	0	2	0.0	0	0	0.0	4	2	0.0	7	0.0	0.037037037037	0	0.0571428571429	0.0	0	0	4.15	13	6	2	1	34.5	7	0	10	0.0337078651685	yes	0	0	0	0.0185185185185	5	0.2	2	6	1	0.0	0	0	2	54	0.0224719101124	0	0	2	0.0	0	0.0555555555556	0.0	0.0	1	2	0.0	0	0	0	11	0	0.0857142857143	1	0.0740740740741	0.0571428571429	0.0	0.0224719101124	0.037037037037	0.037037037037	0.0	0.0	0.0571428571429	0.0185185185185	0	0.0	0.0	0	Undergraduate	2	0.0	0.0285714285714	0	0	False	0	0.0	0.0224719101124	0	0.0	0.0674157303371	3	0.0	0.0	0.0	2	0.0740740740741	0.0	0.0	0.0	0	0.0112359550562	2	35	0.0	0.0	1	0	0.0	0.0571428571429	0	0.0	0	0.112359550562	21	5	0	0.0	0.0786516853933	3.92424242424242	0.111111111111	0.0	0.0	4	20	0	0.0	0	0	1	0.0
0.0	0.0	0.0222222222222	0.111111111111	0	0.0	32	0.0	0.0	0.0	0.047619047619	3	1480	0.0	0.133333333333	3	18	0.0	0	0.0	0.031746031746	1	0	0.0	0	0	0	0.0148148148148	0.277777777778	0.0	0.0	0.0222222222222	0.015873015873	0	0.0	0	0	0.0	0.015873015873	0.0138888888889	4.575	135	0	0	0.111111111111	0.00740740740741	3	0	0	0.0	0.15873015873	0.015873015873	5	2	0	1	6	3.7	1	0.0	2	0	0.00740740740741	3	0.0148148148148	1	0	0.0138888888889	0	0	0.0277777777778	0	0	0.0	0.0518518518519	0	0	0.0	0	0.015873015873	2	0	0.00740740740741	0.0138888888889	2	4	0.0	8	0.0634920634921	-0.305935498434477	0.0148148148148	8	5	0.0	0	0	0.0	0.00740740740741	1	3	0.0	0.0	0.0962962962963	0	2	12	0.0222222222222	0.0	1	0.0	0.0	0.0	0.0	0.0	7	2	0	5	0.0	1	0	0.0	4	2	0.0	2	0.0	0.031746031746	0	0.0277777777778	0.0	1	0	3.45	13	20	2	0	29	6	0	32	0.0296296296296	no	0	0	0	0.047619047619	8	0.0833333333333	1	7	1	0.0138888888889	0	0	2	63	0.037037037037	0	0	16	0.031746031746	0	0.047619047619	0.0	0.0	1	2	0.0	1	0	1	10	0	0.0694444444444	3	0.015873015873	0.0694444444444	0.0277777777778	0.0148148148148	0.126984126984	0.031746031746	0.0	0.0138888888889	0.0277777777778	0.0	1	0.00740740740741	0.0138888888889	0	Graduate	2	0.00740740740741	0.0277777777778	0	0	False	0	0.0	0.118518518519	1	0.0	0.0444444444444	1	0.0138888888889	0.0138888888889	0.0222222222222	1	0.190476190476	0.0	0.0	0.0	0	0.0	8	72	0.0	0.0	1	0	0.0	0.0277777777778	0	0.0	0	0.237037037037	22	2	0	0.0	0.0592592592593	3.87878787878788	0.111111111111	0.0	0.0	3	40	0	0.0	0	1	2	0.0
0.0	0.0	0.1171875	0.027397260274	3	0.0	11	0.0	0.0181818181818	0.0181818181818	0.0	2	1320	0.0	0.1171875	15	15	0.0	0	0.0	0.0545454545455	0	0	0.0	1	0	1	0.0625	0.013698630137	0.0	0.0078125	0.046875	0.0363636363636	0	0.0	1	0	0.0	0.0	0.164383561644	5.07894736842105	128	0	2	0.0958904109589	0.0	5	0	3	0.0	0.145454545455	0.0	0	0	0	1	2	2.25	3	0.0	1	0	0.0390625	0	0.0	0	1	0.013698630137	0	2	0.013698630137	0	0	0.015625	0.015625	0	0	0.0	0	0.0727272727273	0	0	0.0	0.0684931506849	1	8	0.0	2	0.0181818181818	0.431333657188705	0.0078125	0	2	0.0	0	0	0.0	0.015625	2	1	0.0	0.0	0.125	1	1	0	0.0078125	0.0	5	0.0	0.0	0.0	0.0	0.0	2	1	0	33	0.0	0	0	0.0545454545455	1	0	0.0181818181818	8	0.0	0.0	0	0.0	0.0	3	0	3.8	16	1	0	0	28	9	1	1	0.0625	no	0	0	0	0.236363636364	7	0.123287671233	1	7	0	0.0	0	0	3	55	0.2578125	1	0	2	0.0181818181818	0	0.0909090909091	0.0	0.0	0	0	0.0	1	0	0	8	0	0.0	13	0.0545454545455	0.027397260274	0.0	0.0234375	0.0	0.0	0.0	0.013698630137	0.027397260274	0.0181818181818	12	0.0	0.013698630137	0	Graduate	2	0.0078125	0.27397260274	0	0	False	0	0.041095890411	0.015625	0	0.0	0.015625	5	0.0	0.041095890411	0.015625	4	0.0	0.0	0.0	0.0	0	0.015625	0	73	0.0181818181818	0.0	2	0	0.0	0.013698630137	0	0.013698630137	0	0.0078125	24	3	0	0.013698630137	0.0	3.48484848484848	0.127272727273	0.0	0.0	6	240	1	0.0	0	1	20	0.0
0.0	0.0	0.0367647058824	0.0921052631579	0	0.0	12	0.0333333333333	0.0	0.0	0.05	0	1320	0.00735294117647	0.139705882353	5	19	0.0	1	0.0	0.0666666666667	1	0	0.0	1	0	0	0.0514705882353	0.0	0.0131578947368	0.0	0.0294117647059	0.0333333333333	0	0.0	1	0	0.0166666666667	0.0166666666667	0.0131578947368	4.85	136	0	0	0.118421052632	0.0147058823529	2	1	0	0.0	0.166666666667	0.0166666666667	1	1	1	0	1	2.4	6	0.00735294117647	1	0	0.0147058823529	3	0.00735294117647	1	0	0.0526315789474	0	1	0.0	0	0	0.0	0.00735294117647	2	0	0.0	0	0.0333333333333	0	0	0.00735294117647	0.0131578947368	0	5	0.0	7	0.0	-0.848431768364261	0.0	4	1	0.0166666666667	0	0	0.0	0.00735294117647	2	4	0.0	0.0	0.125	0	0	0	0.0294117647059	0.0166666666667	2	0.0	0.0	0.0	0.0	0.00735294117647	1	0	0	41	0.0131578947368	1	0	0.0	0	2	0.0	7	0.0	0.0	0	0.0263157894737	0.0147058823529	3	0	3.75	17	0	0	1	30	15	0	0	0.0367647058824	yes	1	0	1	0.283333333333	9	0.197368421053	4	2	2	0.0131578947368	0	0	2	60	0.301470588235	0	0	11	0.0	0	0.0333333333333	0.0	0.0	1	0	0.0	0	0	0	10	0	0.0131578947368	17	0.1	0.0131578947368	0.0	0.0147058823529	0.0666666666667	0.0	0.0	0.0	0.0263157894737	0.0166666666667	1	0.00735294117647	0.0	0	Graduate	2	0.0	0.315789473684	0	0	False	1	0.0	0.0808823529412	1	0.0	0.00735294117647	1	0.0	0.0394736842105	0.0	2	0.0	0.0	0.0	0.0	1	0.00735294117647	4	76	0.0	0.0	1	2	0.0	0.0131578947368	0	0.0131578947368	1	0.0	25	4	0	0.0	0.0294117647059	3.39393939393939	0.0333333333333	0.0	0.0	4	100	0	0.00735294117647	1	0	24	0.0131578947368
0.0	0.0	0.0526315789474	0.133333333333	0	0.0	3.5	0.0	0.0	0.0	0.0	1	1160	0.0	0.298245614035	3	17	0.0	1	0.0	0.0740740740741	0	0	0.0	0	0	0	0.0	0.0	0.0	0.0	0.122807017544	0.0	0	0.0	0	0	0.0	0.0	0.0333333333333	5.425	57	0	0	0.3	0.0	0	0	0	0.0	0.296296296296	0.0	1	0	0	0	1	3.3	0	0.0	0	0	0.0	0	0.0	0	0	0.0333333333333	0	0	0.0	0	1	0.0	0.0	0	0	0.0	1	0.222222222222	0	0	0.0	0.0	1	4	0.0	4	0.037037037037	-0.848431768364261	0.0175438596491	1	0	0.0	0	0	0.0	0.0	0	2	0.0	0.0	0.210526315789	0	1	0	0.0350877192982	0.0	0	0.0	0.0	0.0	0.0	0.0175438596491	0	0	0	2	0.0	0	0	0.0	1	0	0.0	0	0.0	0.037037037037	0	0.0	0.0	4	0	3.4	12	0	0	0	23.5	7	0	0	0.0701754385965	no	0	0	0	0.0	9	0.233333333333	1	5	0	0.0	0	0	0	27	0.0350877192982	0	0	5	0.037037037037	0	0.0	0.0	0.037037037037	0	1	0.0	0	0	0	8	0	0.0333333333333	0	0.0	0.0	0.0	0.0	0.037037037037	0.0	0.0	0.0	0.0333333333333	0.0	1	0.0	0.0	0	Undergraduate	1	0.0	0.0666666666667	0	0	False	0	0.0	0.0877192982456	0	0.0	0.0175438596491	0	0.0	0.133333333333	0.0175438596491	6	0.0	0.0	0.0	0.0	0	0.0	1	30	0.0	0.0	0	0	0.0	0.0	0	0.0	0	0.0	26	2	0	0.0	0.0175438596491	3.46638257575758	0.185185185185	0.037037037037	0.0	7	0	0	0.0	0	0	2	0.0
0.0104712041885	0.0	0.0471204188482	0.0425531914894	1	0.0	11	0.0	0.0103092783505	0.0103092783505	0.0412371134021	1	1480	0.0157068062827	0.141361256545	9	27	0.0	0	0.0	0.0412371134021	2	1	0.0	1	0	0	0.146596858639	0.031914893617	0.0212765957447	0.00523560209424	0.0418848167539	0.0721649484536	0	0.0	0	0	0.0	0.020618556701	0.0531914893617	5.59166666666667	191	0	0	0.170212765957	0.00523560209424	1	0	9	0.0103092783505	0.113402061856	0.0103092783505	5	9	0	0	16	2.55	17	0.0	10	0	0.0837696335079	4	0.0471204188482	2	1	0.0106382978723	0	1	0.0	0	0	0.0	0.0261780104712	0	0	0.0	0	0.0515463917526	4	0	0.0	0.117021276596	0	4	0.0	4	0.0618556701031	-0.074119908943553	0.0	9	0	0.0	0	0	0.0	0.00523560209424	7	1	0.0	0.0106382978723	0.104712041885	1	1	4	0.00523560209424	0.0515463917526	16	0.0	0.0	0.0	0.0106382978723	0.0	5	0	0	6	0.0	0	0	0.0103092783505	6	2	0.0103092783505	28	0.0	0.0	0	0.0212765957447	0.0	3	0	3.4	20	3	5	3	26.5	11	1	7	0.020942408377	no	5	0	0	0.0309278350515	16	0.117021276596	1	9	1	0.0	0	2	3	97	0.0314136125654	0	0	9	0.0103092783505	0	0.0103092783505	0.0	0.0	1	0	0.0	0	1	0	11	0	0.0531914893617	3	0.175257731959	0.0	0.0425531914894	0.0157068062827	0.0515463917526	0.0515463917526	0.0	0.0	0.031914893617	0.0103092783505	5	0.0104712041885	0.0	1	Graduate	3	0.00523560209424	0.031914893617	0	0	True	2	0.0957446808511	0.0471204188482	0	0.0	0.0837696335079	11	0.0	0.031914893617	0.00523560209424	5	0.0412371134021	0.0	0.0	0.0	0	0.00523560209424	5	94	0.0	0.0103092783505	1	0	0.0	0.106382978723	1	0.0	0	0.0366492146597	27	4	0	0.0	0.0471204188482	3.74242424242424	0.0927835051546	0.0	0.0	8	140	1	0.00523560209424	1	1	3	0.0
0.0	0.0	0.0	0.0674157303371	2	0.0	48	0.0	0.0	0.0	0.0	0	1260	0.0	0.0884353741497	0	13	0.0	2	0.0	0.0	1	0	0.0	1	0	0	0.0272108843537	0.0	0.0	0.00680272108844	0.0136054421769	0.0172413793103	0	0.0	1	0	0.0	0.0172413793103	0.0	5.625	147	0	0	0.0786516853933	0.0	4	0	5	0.0	0.103448275862	0.0	2	0	0	0	3	2.9	4	0.0	1	1	0.0408163265306	0	0.0	2	1	0.0224719101124	0	1	0.0	0	1	0.0	0.0136054421769	0	0	0.0	0	0.0	0	0	0.00680272108844	0.0	1	5	0.0	6	0.0344827586207	-1.16528623276938	0.00680272108844	2	1	0.0	0	0	0.0	0.0340136054422	1	4	0.0	0.0	0.0748299319728	0	0	1	0.0272108843537	0.0	6	0.0	0.0	0.0	0.0	0.0136054421769	2	0	0	62	0.0224719101124	1	0	0.0344827586207	2	0	0.0172413793103	4	0.0	0.0344827586207	0	0.0	0.0	1	0	3.61666666666667	11	0	1	0	28.5	8	0	1	0.0340136054422	no	0	0	0	0.293103448276	7	0.0898876404494	2	3	0	0.0112359550562	0	0	2	58	0.421768707483	0	0	17	0.0	0	0.0689655172414	0.0	0.0172413793103	0	2	0.0	4	0	0	6	0	0.0224719101124	17	0.0689655172414	0.0112359550562	0.0	0.0136054421769	0.189655172414	0.0172413793103	0.0	0.0	0.0224719101124	0.0172413793103	0	0.0136054421769	0.0449438202247	0	Graduate	2	0.0	0.505617977528	0	0	False	0	0.0561797752809	0.115646258503	1	0.0	0.0204081632653	0	0.0	0.0112359550562	0.0	0	0.0172413793103	0.0	0.0	0.0112359550562	2	0.00680272108844	11	89	0.0	0.0	5	0	0.0	0.0112359550562	0	0.0112359550562	0	0.00680272108844	28	0	0	0.0	0.0136054421769	3.81818181818182	0.051724137931	0.0	0.0	2	100	1	0.0	0	0	45	0.0
0.0	0.0	0.0285714285714	0.111111111111	2	0.0	11	0.0	0.0	0.0	0.0315789473684	1	1240	0.0	0.257142857143	4	36	0.0222222222222	0	0.0	0.0	0	0	0.0	1	0	0	0.0	0.0222222222222	0.0	0.00714285714286	0.0571428571429	0.0	0	0.0	0	0	0.0	0.0	0.0888888888889	5.275	140	0	0	0.2	0.0214285714286	8	0	1	0.0	0.284210526316	0.0315789473684	0	0	0	0	7	2.65	0	0.0	2	0	0.00714285714286	3	0.0	0	1	0.0	0	0	0.0	0	0	0.0	0.0	0	0	0.0	0	0.0421052631579	0	0	0.0	0.0	0	10	0.0	5	0.0526315789474	0.431333657188705	0.0	3	0	0.0	0	0	0.0	0.0142857142857	0	1	0.0	0.0	0.135714285714	0	1	8	0.00714285714286	0.0	1	0.0	0.0	0.0	0.0	0.0	0	0	0	14	0.0	0	0	0.0210526315789	5	2	0.0	0	0.0	0.0105263157895	0	0.0444444444444	0.0	2	0	4.1	19	1	0	0	28	9	0	9	0.0714285714286	no	0	1	0	0.105263157895	9	0.2	0	10	3	0.0	0	0	4	95	0.1	0	0	17	0.0105263157895	0	0.0842105263158	0.0	0.0	3	1	0.0	1	0	0	27	0	0.0	10	0.0	0.0	0.0	0.0285714285714	0.126315789474	0.0	0.0	0.0	0.0888888888889	0.0105263157895	4	0.0	0.0222222222222	0	Graduate	4	0.0	0.0888888888889	0	0	True	0	0.0222222222222	0.121428571429	0	0.0	0.05	0	0.0	0.0444444444444	0.00714285714286	4	0.0842105263158	0.0	0.0	0.0	0	0.0	12	45	0.0	0.0	2	0	0.0	0.0444444444444	0	0.0	0	0.0642857142857	29	0	0	0.0	0.0214285714286	3.83333333333333	0.105263157895	0.0	0.0	8	120	0	0.0	0	0	4	0.0
0.0	0.0	0.00735294117647	0.0287769784173	0	0.0	40	0.0225563909774	0.0	0.0	0.0	1	1160	0.0110294117647	0.113970588235	2	31	0.0431654676259	4	0.0	0.015037593985	4	0	0.00367647058824	0	0	1	0.0	0.00719424460432	0.0215827338129	0.0367647058824	0.0183823529412	0.0601503759398	0	0.0	0	0	0.0	0.0300751879699	0.0	4.75	272	0	1	0.143884892086	0.0	15	0	8	0.0	0.0827067669173	0.0	2	0	0	0	5	2.4	0	0.0	5	0	0.0588235294118	0	0.0	4	10	0.0287769784173	0	0	0.0	1	0	0.00367647058824	0.00367647058824	3	1	0.00751879699248	3	0.0225563909774	0	0	0.0110294117647	0.0	0	21	0.0	4	0.0	-0.506882168094132	0.0	2	0	0.0	0	0	0.00719424460432	0.0	8	7	0.0	0.0	0.102941176471	0	1	1	0.0257352941176	0.0	16	0.0	0.0	0.0225563909774	0.0	0.0147058823529	1	0	0	106	0.00719424460432	0	0	0.0	0	4	0.0300751879699	0	0.0	0.0225563909774	1	0.0287769784173	0.0110294117647	6	1	2.95	28	1	1	3	25.5	14	0	2	0.0772058823529	no	0	6	0	0.368421052632	20	0.10071942446	4	14	0	0.0	0	0	4	133	0.389705882353	0	0	10	0.00751879699248	0	0.112781954887	0.0	0.0	0	3	0.00367647058824	0	0	1	11	0	0.0143884892086	49	0.0	0.0	0.0	0.0147058823529	0.0451127819549	0.00751879699248	0.0	0.0	0.0143884892086	0.0	0	0.0147058823529	0.0	0	Graduate	2	0.00367647058824	0.410071942446	3	0	True	3	0.0575539568345	0.0367647058824	3	0.0	0.0183823529412	0	0.00719424460432	0.0431654676259	0.00367647058824	3	0.00751879699248	0.0	0.0	0.0	1	0.0	6	139	0.00751879699248	0.0	0	3	0.0	0.0359712230216	0	0.0	0	0.00735294117647	32	2	0	0.0	0.00735294117647	3.31818181818182	0.105263157895	0.0225563909774	0.0	5	120	4	0.0	0	1	57	0.0
0.0	0.0	0.0201342281879	0.191780821918	3	0.0	50	0.0131578947368	0.0263157894737	0.0	0.0131578947368	1	1240	0.0	0.0805369127517	3	12	0.0	0	0.0	0.0263157894737	1	0	0.0134228187919	1	0	0	0.0134228187919	0.0	0.0	0.0469798657718	0.0335570469799	0.0	0	0.0	0	1	0.0	0.0131578947368	0.013698630137	5.05	149	3	0	0.123287671233	0.0	2	0	1	0.0	0.0394736842105	0.0	1	0	0	0	4	3.4	2	0.0	2	1	0.00671140939597	1	0.0	2	7	0.0	0	2	0.0	0	0	0.0	0.00671140939597	1	1	0.0	0	0.0263157894737	0	0	0.0134228187919	0.0	0	3	0.0	14	0.0263157894737	0.663149246679628	0.0	2	1	0.0131578947368	0	0	0.013698630137	0.0201342281879	0	2	0.0	0.0	0.0872483221477	2	1	1	0.0134228187919	0.0	1	0.0394736842105	0.0	0.0	0.0	0.0	1	0	0	50	0.0	2	0	0.0394736842105	2	1	0.0921052631579	2	0.0	0.0263157894737	2	0.013698630137	0.00671140939597	1	0	3.5	13	0	0	0	26.5	8	0	1	0.0201342281879	no	0	0	0	0.328947368421	9	0.109589041096	0	5	0	0.027397260274	0	0	4	76	0.335570469799	0	3	22	0.0131578947368	0	0.0263157894737	0.0	0.0	0	2	0.0	2	0	0	3	0	0.013698630137	25	0.0263157894737	0.013698630137	0.0	0.0268456375839	0.105263157895	0.0	0.0	0.0	0.041095890411	0.0131578947368	1	0.0134228187919	0.027397260274	0	Graduate	3	0.0	0.342465753425	0	0	True	0	0.013698630137	0.147651006711	2	0.0	0.0268456375839	0	0.0	0.013698630137	0.00671140939597	2	0.0131578947368	0.0	0.0	0.013698630137	0	0.0134228187919	8	73	0.0	0.0	3	1	0.0131578947368	0.027397260274	0	0.0	1	0.00671140939597	33	2	0	0.0	0.0134228187919	3.68230694037146	0.0657894736842	0.0	0.0201342281879	5	20	7	0.00671140939597	1	0	25	0.0
0.0	0.0	0.031007751938	0.0579710144928	1	0.0	61	0.0	0.0	0.0	0.0666666666667	2	1480	0.0	0.255813953488	4	33	0.0144927536232	0	0.0	0.05	0	0	0.0077519379845	5	2	0	0.077519379845	0.0144927536232	0.0	0.0077519379845	0.031007751938	0.0333333333333	0	0.015503875969	1	1	0.0	0.0	0.0144927536232	5.525	129	0	1	0.347826086957	0.015503875969	1	1	1	0.0	0.15	0.0166666666667	6	2	0	2	4	3.95	6	0.0	4	0	0.0232558139535	4	0.015503875969	0	1	0.0	0	1	0.0	0	0	0.0077519379845	0.0387596899225	0	0	0.0	0	0.05	2	0	0.0	0.0579710144928	0	3	0.0	4	0.0	-0.0926412608423158	0.0	10	3	0.0	2	0	0.0	0.0387596899225	2	3	0.0	0.0	0.031007751938	0	0	4	0.0232558139535	0.0	3	0.0	0.0	0.0	0.0	0.0	5	0	0	11	0.0	0	0	0.0166666666667	0	0	0.0	10	0.0	0.05	1	0.0	0.0	2	0	4.65	4	1	2	0	26.5	3	0	5	0.0232558139535	no	0	1	0	0.116666666667	24	0.0434782608696	0	1	2	0.0	0	0	1	60	0.0852713178295	1	0	11	0.0	0	0.0166666666667	0.0	0.0	1	3	0.0	0	0	1	9	0	0.0869565217391	7	0.1	0.0434782608696	0.0289855072464	0.0077519379845	0.116666666667	0.0333333333333	0.0	0.0289855072464	0.0144927536232	0.0833333333333	1	0.0	0.0	0	Graduate	1	0.0077519379845	0.0579710144928	0	0	False	0	0.0144927536232	0.0852713178295	0	0.0	0.031007751938	4	0.0144927536232	0.0289855072464	0.015503875969	3	0.0666666666667	0.0	0.0289855072464	0.0	0	0.0077519379845	7	69	0.0	0.0	5	0	0.0166666666667	0.0579710144928	0	0.0144927536232	0	0.0387596899225	34	3	0	0.0144927536232	0.077519379845	4.24242424242424	0.0166666666667	0.0	0.0	4	200	0	0.0	0	1	4	0.0144927536232
0.0	0.0	0.0184049079755	0.0724637681159	4	0.0	12	0.0	0.0	0.0	0.031914893617	6	1160	0.0	0.0920245398773	3	15	0.0	0	0.0	0.0212765957447	0	0	0.0	0	0	0	0.0	0.0	0.0	0.0122699386503	0.0306748466258	0.031914893617	0	0.0	2	0	0.0106382978723	0.0	0.0144927536232	4.875	163	0	0	0.144927536232	0.0	3	0	0	0.0	0.0531914893617	0.0	2	1	1	5	6	2.8	0	0.00613496932515	3	0	0.0184049079755	3	0.00613496932515	0	2	0.0144927536232	0	2	0.0144927536232	0	0	0.0	0.0184049079755	0	0	0.0	0	0.031914893617	0	0	0.0	0.0	1	8	0.0	5	0.031914893617	0.327773430375752	0.00613496932515	5	0	0.0	0	0	0.0	0.0	3	3	0.0	0.0	0.122699386503	0	1	0	0.0184049079755	0.0106382978723	3	0.0	0.0	0.0	0.0	0.0	3	1	0	66	0.0	0	0	0.0425531914894	3	1	0.0212765957447	0	0.0	0.0212765957447	0	0.0144927536232	0.0	5	0	4.15	20	0	3	0	23	10	0	0	0.0490797546012	yes	1	0	1	0.478723404255	10	0.144927536232	1	10	0	0.0	0	0	5	94	0.40490797546	0	0	8	0.0106382978723	0	0.031914893617	0.0	0.0	0	2	0.0	0	0	0	5	0	0.0289855072464	45	0.0	0.0	0.0	0.0306748466258	0.031914893617	0.031914893617	0.0	0.0724637681159	0.0289855072464	0.0	1	0.0	0.0	0	Graduate	2	0.0	0.304347826087	0	0	False	0	0.0	0.0490797546012	0	0.0	0.0368098159509	0	0.0	0.0724637681159	0.0368098159509	3	0.0	0.0	0.0	0.0	0	0.0122699386503	3	69	0.0	0.0	0	0	0.0	0.0434782608696	0	0.0289855072464	0	0.0	35	2	0	0.0	0.0306748466258	3.88920454545455	0.106382978723	0.0	0.0	5	0	2	0.0	0	0	21	0.0
0.0	0.0	0.0705882352941	0.111111111111	0	0.0	1	0.0	0.0	0.0	0.025	1	1260	0.0235294117647	0.129411764706	6	11	0.0222222222222	4	0.0	0.125	0	0	0.0	0	0	0	0.0588235294118	0.0	0.0444444444444	0.0235294117647	0.0	0.0	0	0.0	1	0	0.0	0.0	0.0222222222222	5.025	85	0	0	0.111111111111	0.0235294117647	1	1	1	0.0	0.15	0.025	3	3	0	0	3	2.75	1	0.0	1	0	0.0117647058824	1	0.0352941176471	0	2	0.0222222222222	0	1	0.0	0	0	0.0	0.0588235294118	0	0	0.0	1	0.0	2	0	0.0	0.0888888888889	0	1	0.0	5	0.05	-0.738697757585054	0.0	4	2	0.0	0	0	0.0	0.0117647058824	0	2	0.0	0.0	0.0588235294118	0	1	3	0.0235294117647	0.025	1	0.0	0.0222222222222	0.0	0.0	0.0470588235294	5	0	0	6	0.0666666666667	0	0	0.0	2	2	0.025	5	0.0	0.025	0	0.0444444444444	0.0	0	0	3.6	5	0	3	2	23.5	4	0	3	0.0117647058824	no	1	1	0	0.05	5	0.0888888888889	1	1	2	0.0	1	0	2	40	0.0705882352941	0	1	14	0.025	0	0.025	0.0	0.0	1	1	0.0	1	0	0	6	0	0.0666666666667	2	0.025	0.0444444444444	0.0444444444444	0.0235294117647	0.225	0.075	0.0	0.0	0.0	0.0	1	0.0	0.0222222222222	0	Graduate	0	0.0	0.0888888888889	0	0	True	2	0.0222222222222	0.164705882353	0	0.0	0.0352941176471	4	0.0	0.0	0.0117647058824	0	0.075	0.0	0.0	0.0	3	0.0117647058824	9	45	0.0	0.0	1	0	0.0	0.0222222222222	0	0.0222222222222	0	0.0352941176471	36	5	0	0.0	0.0470588235294	4.1969696969697	0.025	0.025	0.0117647058824	0	0	1	0.0	0	0	4	0.0222222222222
0.00854700854701	0.0	0.042735042735	0.126984126984	1	0.0	60	0.0	0.0	0.0	0.0555555555556	1	1400	0.0	0.0769230769231	5	9	0.015873015873	0	0.0	0.037037037037	0	0	0.00854700854701	0	0	0	0.0512820512821	0.15873015873	0.0	0.00854700854701	0.042735042735	0.0185185185185	0	0.0	0	1	0.0	0.0	0.047619047619	5.55	117	0	0	0.0634920634921	0.017094017094	3	1	2	0.0	0.0925925925926	0.0185185185185	0	0	0	0	3	4.25	3	0.0	0	0	0.025641025641	3	0.0	0	1	0.015873015873	0	0	0.0	0	2	0.0	0.00854700854701	0	0	0.0	0	0.0925925925926	0	0	0.00854700854701	0.047619047619	2	5	0.0	8	0.0555555555556	0.541067667967913	0.017094017094	3	0	0.0	0	0	0.0	0.0	1	2	0.0	0.015873015873	0.119658119658	0	1	4	0.017094017094	0.0	3	0.0	0.0	0.0	0.0	0.0	1	0	0	23	0.0	1	0	0.0185185185185	3	0	0.0	6	0.0	0.0185185185185	1	0.0	0.0	2	0	4.2	14	10	1	0	27.5	9	0	14	0.042735042735	no	0	1	0	0.111111111111	4	0.142857142857	1	5	2	0.015873015873	0	1	1	54	0.196581196581	0	0	14	0.0185185185185	0	0.0555555555556	0.0	0.037037037037	1	1	0.0	0	0	0	5	0	0.0	6	0.0555555555556	0.0	0.0	0.00854700854701	0.111111111111	0.0185185185185	0.0	0.0	0.0	0.0	3	0.0	0.0	0	Graduate	0	0.0	0.269841269841	0	0	False	0	0.031746031746	0.119658119658	1	0.0	0.025641025641	3	0.0	0.031746031746	0.00854700854701	5	0.0740740740741	0.0	0.0	0.0	0	0.0	6	63	0.0	0.0	0	0	0.0185185185185	0.0	1	0.0	0	0.119658119658	37	2	0	0.0	0.025641025641	4.1969696969697	0.0925925925926	0.0	0.0	5	20	0	0.0	0	0	17	0.015873015873
0.0	0.0	0.0809248554913	0.0408163265306	1	0.0	49	0.0	0.0133333333333	0.0133333333333	0.0	0	1340	0.0	0.196531791908	14	34	0.0	0	0.0	0.0533333333333	0	0	0.00578034682081	2	0	0	0.0462427745665	0.112244897959	0.0	0.0	0.028901734104	0.0133333333333	0	0.0	1	1	0.0	0.0	0.102040816327	4.825	173	0	0	0.132653061224	0.0	1	0	6	0.0	0.28	0.0	0	0	0	0	6	3.25	3	0.0	2	3	0.0404624277457	0	0.0	3	0	0.0102040816327	0	2	0.0102040816327	0	0	0.0	0.0462427745665	0	0	0.0	0	0.04	0	0	0.0	0.0510204081633	1	1	0.0	4	0.0533333333333	0.443681225121215	0.00578034682081	0	5	0.0	0	0	0.0	0.028901734104	1	3	0.0	0.0	0.0867052023121	1	0	9	0.0173410404624	0.0	7	0.0	0.0	0.0	0.0	0.0	8	1	0	27	0.0	0	0	0.0133333333333	4	4	0.0	8	0.0	0.0266666666667	1	0.0408163265306	0.0	0	0	3.65	15	11	3	0	24	8	1	20	0.00578034682081	no	0	0	0	0.106666666667	13	0.0816326530612	1	7	0	0.0	0	0	5	75	0.156069364162	0	0	7	0.0	0	0.0133333333333	0.0	0.0	0	2	0.0	3	0	0	21	0	0.0	8	0.04	0.0510204081633	0.0	0.028901734104	0.04	0.04	0.0	0.0	0.0204081632653	0.0266666666667	10	0.0173410404624	0.030612244898	0	Graduate	2	0.00578034682081	0.19387755102	0	0	True	0	0.0612244897959	0.0404624277457	0	0.0	0.0346820809249	5	0.0	0.0	0.0	3	0.12	0.0	0.0	0.030612244898	0	0.0115606936416	3	98	0.0	0.0	5	0	0.0133333333333	0.0204081632653	0	0.0102040816327	0	0.115606936416	38	4	0	0.0	0.0	3.95454545454546	0.0933333333333	0.0	0.0	5	320	0	0.0	0	1	19	0.0
0.00719424460432	0.0	0.0	0.194444444444	0	0.0	48	0.0	0.0	0.0	0.0149253731343	1	1400	0.0	0.129496402878	0	18	0.0138888888889	0	0.0	0.0	0	0	0.0	3	0	0	0.0143884892086	0.0416666666667	0.0	0.00719424460432	0.0143884892086	0.0	0	0.0	1	0	0.0	0.0	0.0	4.45	139	0	0	0.125	0.0143884892086	1	1	0	0.0	0.134328358209	0.0149253731343	2	0	0	1	5	3	1	0.0	4	0	0.0	1	0.0	0	1	0.0	0	1	0.0138888888889	0	1	0.0	0.0359712230216	0	0	0.0	0	0.0	0	0	0.00719424460432	0.0138888888889	2	3	0.0	14	0.0149253731343	0.095957840884828	0.0143884892086	3	2	0.0	0	0	0.0	0.0215827338129	0	1	0.0	0.0	0.107913669065	0	0	3	0.00719424460432	0.0	0	0.0	0.0555555555556	0.0	0.0	0.0	5	1	0	40	0.0	1	0	0.0	1	0	0.0	2	0.0	0.0149253731343	0	0.0	0.0	2	0	3.2	15	3	3	0	29	6	0	6	0.0215827338129	no	0	1	0	0.34328358209	9	0.0833333333333	0	9	2	0.0138888888889	4	1	0	67	0.287769784173	0	4	23	0.0	0	0.0149253731343	0.0	0.0149253731343	1	1	0.0	0	0	0	9	0	0.0277777777778	23	0.0149253731343	0.0277777777778	0.0	0.0	0.134328358209	0.044776119403	0.0	0.0138888888889	0.0277777777778	0.044776119403	0	0.0	0.0	1	Graduate	2	0.0	0.236111111111	0	0	True	0	0.0	0.165467625899	1	0.0	0.0359712230216	1	0.0	0.0277777777778	0.00719424460432	0	0.044776119403	0.0	0.0	0.0	0	0.00719424460432	9	72	0.0	0.0149253731343	3	0	0.0	0.0555555555556	0	0.0138888888889	0	0.0431654676259	39	0	0	0.0	0.0215827338129	3.01515151515151	0.134328358209	0.0	0.0287769784173	2	220	0	0.0	0	0	17	0.0138888888889
0.0	0.0	0.0798122065728	0.0471698113208	0	0.0	?	0.0	0.0373831775701	0.00934579439252	0.0841121495327	2	1480	0.00469483568075	0.201877934272	17	43	0.0566037735849	0	0.0	0.102803738318	1	1	0.0093896713615	3	0	0	0.0985915492958	0.0471698113208	0.0	0.0281690140845	0.0140845070423	0.018691588785	0	0.0	4	2	0.0	0.00934579439252	0.0566037735849	5.225	213	0	0	0.179245283019	0.0	0	0	6	0.00934579439252	0.224299065421	0.0	3	4	0	1	7	3.85	4	0.0	3	0	0.037558685446	9	0.018779342723	1	6	0.0	0	8	0.0	0	1	0.0	0.037558685446	0	0	0.0	0	0.018691588785	1	0	0.00469483568075	0.160377358491	1	1	0.0	5	0.0373831775701	1.50397862911577	0.00469483568075	12	4	0.0	0	0	0.0	0.0234741784038	2	3	0.0	0.0	0.0704225352113	4	1	3	0.0140845070423	0.0280373831776	8	0.0	0.0	0.0	0.0	0.0	8	0	0	24	0.0	1	0	0.0	4	1	0.0	21	0.0	0.0280373831776	2	0.00943396226415	0.0	1	0	4.25	15	5	4	1	21	8	1	8	0.00469483568075	no	3	6	0	0.11214953271	19	0.0754716981132	0	7	0	0.00943396226415	0	0	1	107	0.112676056338	0	0	10	0.00934579439252	0	0.0	0.0	0.00934579439252	0	3	0.0	2	0	0	24	0	0.0283018867925	12	0.0373831775701	0.0377358490566	0.00943396226415	0.00469483568075	0.0467289719626	0.0373831775701	0.0	0.00943396226415	0.00943396226415	0.0280373831776	6	0.00469483568075	0.0188679245283	0	Undergraduate	1	0.00469483568075	0.11320754717	0	0	True	0	0.0566037735849	0.0469483568075	1	0.0	0.0328638497653	17	0.0	0.00943396226415	0.0093896713615	2	0.0280373831776	0.0	0.0	0.0	0	0.037558685446	5	106	0.0	0.0	5	0	0.018691588785	0.0283018867925	0	0.0377358490566	0	0.037558685446	40	11	0	0.0	0.056338028169	3.828125	0.0654205607477	0.0	0.0	3	20	0	0.0	0	1	12	0.0
0.0	0.0	0.0263157894737	0.0810810810811	0	0.0	60	0.0	0.0	0.0	0.0	0	1240	0.0	0.197368421053	2	15	0.0	1	0.0	0.0	0	0	0.0	1	0	0	0.0526315789474	0.0540540540541	0.0	0.0	0.0526315789474	0.0	0	0.0	0	0	0.0	0.0	0.0540540540541	5.125	76	0	0	0.162162162162	0.0	0	0	0	0.0	0.230769230769	0.0	1	0	0	0	5	3.8	2	0.0	3	0	0.0	0	0.0	0	0	0.027027027027	0	0	0.027027027027	0	0	0.0	0.0131578947368	0	0	0.0	1	0.0769230769231	0	0	0.0	0.0540540540541	1	1	0.0	3	0.0512820512821	0.017092749936892	0.0131578947368	1	1	0.0	0	0	0.0	0.0263157894737	0	3	0.0	0.0	0.144736842105	0	0	2	0.0394736842105	0.0	0	0.0	0.0	0.0	0.0	0.0131578947368	1	1	0	13	0.0	0	0	0.0	2	1	0.0	4	0.0	0.0512820512821	0	0.027027027027	0.0	1	0	3.7	11	2	0	0	29	5	0	4	0.0131578947368	no	0	0	0	0.179487179487	6	0.135135135135	1	6	0	0.0	0	0	1	39	0.171052631579	0	0	7	0.0	0	0.0	0.0	0.0	0	2	0.0	1	0	0	9	0	0.027027027027	7	0.0512820512821	0.027027027027	0.0	0.0131578947368	0.102564102564	0.0	0.0	0.0	0.027027027027	0.025641025641	2	0.0	0.027027027027	0	Graduate	1	0.0	0.162162162162	0	0	False	0	0.0	0.0921052631579	0	0.0	0.0657894736842	2	0.0	0.027027027027	0.0	3	0.0512820512821	0.0	0.0	0.0	0	0.0	4	37	0.0	0.0	2	0	0.0	0.0810810810811	0	0.0	0	0.0526315789474	43	0	0	0.0	0.0131578947368	3.78787878787879	0.153846153846	0.025641025641	0.0	4	20	0	0.0	0	0	6	0.0
0.0	0.0	0.0697674418605	0.0625	1	0.0	48	0.0	0.0	0.0	0.0263157894737	0	1400	0.0	0.232558139535	6	20	0.0	0	0.0	0.0789473684211	1	0	0.0116279069767	1	0	1	0.104651162791	0.0416666666667	0.0	0.0	0.0232558139535	0.0	0	0.0	0	0	0.0	0.0263157894737	0.0625	5.875	86	0	1	0.25	0.0	2	0	3	0.0	0.210526315789	0.0	4	1	0	0	6	3.8	6	0.0	4	0	0.0348837209302	1	0.0116279069767	1	0	0.0	0	0	0.0	0	0	0.0116279069767	0.0232558139535	0	1	0.0	0	0.0263157894737	0	0	0.0	0.0625	0	2	0.0	3	0.0526315789474	1.03417366616766	0.0	5	1	0.0	0	0	0.0208333333333	0.0116279069767	0	0	0.0	0.0	0.151162790698	0	0	3	0.0	0.0263157894737	3	0.0	0.0	0.0	0.0	0.0	2	0	0	2	0.0	0	0	0.0263157894737	2	0	0.0	9	0.0	0.0	1	0.0	0.0	0	0	4.1	13	2	1	0	26	9	0	5	0.0232558139535	no	1	0	0	0.0263157894737	12	0.1875	0	4	0	0.0	0	0	1	38	0.0232558139535	0	0	4	0.0	0	0.0526315789474	0.0	0.0	0	0	0.0	0	0	1	8	0	0.0833333333333	1	0.157894736842	0.0208333333333	0.0	0.0116279069767	0.0263157894737	0.0263157894737	0.0	0.0	0.0208333333333	0.0263157894737	3	0.0116279069767	0.0	0	Graduate	1	0.0116279069767	0.0208333333333	0	0	False	0	0.0625	0.046511627907	0	0.0	0.0697674418605	3	0.0208333333333	0.0	0.0	1	0.0789473684211	0.0	0.0	0.0	0	0.0	1	48	0.0263157894737	0.0	1	0	0.0	0.0833333333333	0	0.0	0	0.0581395348837	44	3	0	0.0	0.0581395348837	3.79971590909091	0.105263157895	0.0	0.0	2	360	0	0.0	0	1	1	0.0
0.0	0.0	0.107692307692	0.0	1	0.0	44	0.0348837209302	0.0	0.0116279069767	0.0232558139535	0	1480	0.0	0.269230769231	14	35	0.0	0	0.0	0.093023255814	1	0	0.0	3	0	0	0.0769230769231	0.0	0.0	0.0	0.0461538461538	0.0116279069767	0	0.0	0	0	0.0	0.0116279069767	0.136363636364	4.95	130	0	0	0.363636363636	0.0	3	0	2	0.0	0.220930232558	0.0	1	2	0	0	6	2.63888888888889	6	0.0	2	0	0.0230769230769	2	0.0153846153846	1	0	0.0	0	0	0.0	0	0	0.0	0.0230769230769	3	0	0.0	0	0.0232558139535	0	0	0.0	0.0909090909091	0	4	0.0	0	0.046511627907	0.607585190983342	0.0	3	1	0.0	0	0	0.0	0.0230769230769	1	0	0.0	0.0	0.0846153846154	0	0	2	0.0	0.0232558139535	3	0.0	0.0	0.0	0.0	0.0	3	0	0	11	0.0	0	0	0.0116279069767	4	1	0.0	10	0.0	0.0	0	0.0227272727273	0.0230769230769	1	0	4.15	11	0	2	0	21	4	1	2	0.0307692307692	yes	2	0	0	0.104651162791	16	0.0909090909091	0	7	0	0.0	0	0	2	86	0.0846153846154	0	0	10	0.0	0	0.0348837209302	0.0	0.0	0	0	0.0	0	0	0	19	0	0.0227272727273	9	0.0697674418605	0.0227272727273	0.0	0.0153846153846	0.116279069767	0.0232558139535	0.0	0.0	0.0909090909091	0.0348837209302	6	0.00769230769231	0.0	0	Undergraduate	4	0.00769230769231	0.0454545454545	0	0	True	0	0.0454545454545	0.0769230769231	0	0.0	0.0461538461538	4	0.0	0.0227272727273	0.0	2	0.0232558139535	0.0	0.0	0.0	0	0.0	10	44	0.0	0.0	3	3	0.0	0.0454545454545	0	0.0	0	0.0153846153846	45	8	0	0.0	0.0230769230769	4.22727272727272	0.0813953488372	0.0	0.0	6	120	0	0.0	0	1	2	0.0
0.0	0.0	0.044776119403	0.136363636364	4	0.0	48	0.0	0.0147058823529	0.0	0.0441176470588	0	1320	0.0	0.194029850746	6	26	0.0151515151515	0	0.0	0.0588235294118	0	0	0.0	1	0	0	0.00746268656716	0.0151515151515	0.0	0.0149253731343	0.0373134328358	0.0147058823529	0	0.0	1	0	0.0	0.0	0.030303030303	4.8	134	0	0	0.166666666667	0.00746268656716	2	0	1	0.0	0.220588235294	0.0147058823529	1	0	0	0	4	2.45	1	0.0	3	0	0.0149253731343	3	0.0	0	2	0.0	0	2	0.0151515151515	0	0	0.0	0.0149253731343	0	0	0.0	0	0.0294117647059	0	0	0.0	0.0	1	9	0.0	9	0.0147058823529	0.857922132373028	0.00746268656716	4	0	0.0	0	0	0.0	0.00746268656716	1	0	0.0	0.0	0.089552238806	1	0	0	0.0	0.0	2	0.0	0.0	0.0	0.0	0.0	2	1	0	35	0.0	0	0	0.0588235294118	1	1	0.0147058823529	1	0.0	0.0	0	0.0151515151515	0.0	7	0	3.35	12	1	2	0	21	6	0	1	0.0671641791045	no	0	1	0	0.25	11	0.0909090909091	0	6	1	0.0	0	0	5	68	0.261194029851	0	0	15	0.0	0	0.0294117647059	0.0	0.0	1	0	0.0	0	0	0	15	0	0.0151515151515	17	0.0147058823529	0.0	0.0	0.0373134328358	0.0882352941176	0.0294117647059	0.0	0.0	0.0454545454545	0.0147058823529	2	0.0	0.0	0	Undergraduate	3	0.0	0.272727272727	0	0	True	0	0.0151515151515	0.111940298507	0	0.0	0.0298507462687	0	0.0	0.106060606061	0.0	2	0.0	0.0	0.0	0.0	0	0.0149253731343	6	66	0.0	0.0	1	0	0.0	0.0454545454545	0	0.0151515151515	0	0.00746268656716	46	4	0	0.0	0.0298507462687	3.51515151515151	0.0882352941176	0.0	0.0	5	0	1	0.0	0	0	18	0.0
0.0	0.0	0.0457516339869	0.027397260274	2	0.0	46	0.0	0.0	0.0	0.0	1	1240	0.0	0.137254901961	7	21	0.013698630137	0	0.0	0.0625	0	0	0.0	0	0	0	0.00653594771242	0.0	0.0	0.00653594771242	0.0261437908497	0.0	0	0.0	0	0	0.0	0.0	0.027397260274	5.425	153	0	0	0.123287671233	0.00653594771242	7	1	1	0.0	0.15	0.0	0	0	0	1	1	3.3	0	0.0	1	0	0.00653594771242	0	0.0	0	1	0.013698630137	0	0	0.013698630137	0	0	0.0	0.0	0	0	0.0	0	0.0375	0	0	0.0	0.013698630137	1	19	0.0	2	0.0	-0.36627923748365	0.00653594771242	0	0	0.0	0	0	0.0	0.0	0	2	0.0	0.0	0.117647058824	0	0	0	0.0130718954248	0.0	1	0.0	0.0	0.0	0.0	0.0	0	1	0	66	0.0	0	0	0.025	0	4	0.0	1	0.0	0.0125	0	0.0547945205479	0.0	12	0	4.2	18	0	0	0	20.5	8	0	0	0.124183006536	no	0	1	0	0.4875	9	0.109589041096	1	10	1	0.0	0	0	6	80	0.43137254902	0	0	3	0.0	0	0.0875	0.0	0.0	0	1	0.0	0	0	0	12	0	0.0	39	0.0	0.0	0.0	0.0392156862745	0.0125	0.0	0.0	0.013698630137	0.013698630137	0.0	2	0.0	0.0	0	Undergraduate	1	0.0	0.369863013699	0	0	True	0	0.013698630137	0.0196078431373	0	0.0	0.00653594771242	1	0.0	0.164383561644	0.00653594771242	3	0.0	0.0	0.0	0.0	0	0.0	1	73	0.0	0.0	0	0	0.0	0.013698630137	0	0.0	0	0.0	48	5	0	0.0	0.0	4.03030303030303	0.125	0.0	0.0	4	120	0	0.0	0	0	27	0.013698630137
0.0	0.0	0.0401785714286	0.163043478261	0	0.0	?	0.0	0.0	0.0151515151515	0.0151515151515	1	1480	0.0	0.15625	9	35	0.0	2	0.0	0.0454545454545	1	0	0.0	7	0	0	0.03125	0.0434782608696	0.0	0.0	0.0267857142857	0.0	0	0.0	0	0	0.0	0.00757575757576	0.0326086956522	5.2	224	1	0	0.20652173913	0.00892857142857	4	0	2	0.0	0.121212121212	0.0151515151515	6	5	0	1	10	2.65	5	0.0	5	0	0.00892857142857	2	0.0223214285714	1	0	0.0	0	0	0.0	0	1	0.0	0.0357142857143	0	0	0.0	2	0.0227272727273	3	0	0.00892857142857	0.0217391304348	1	7	0.0	15	0.0378787878788	0.559589019866674	0.00446428571429	8	2	0.0227272727273	0	0	0.0	0.0401785714286	0	1	0.0	0.0	0.0892857142857	0	0	4	0.00446428571429	0.0151515151515	2	0.00757575757576	0.0	0.0151515151515	0.0	0.00892857142857	8	0	0	24	0.0	0	0	0.0	5	0	0.0	7	0.0	0.00757575757576	0	0.0	0.0	3	0	3.45	20	4	6	0	25.5	11	2	8	0.03125	no	2	0	0	0.0984848484848	19	0.119565217391	0	9	2	0.0	0	0	0	132	0.107142857143	0	1	50	0.0	0	0.030303030303	0.0	0.00757575757576	2	1	0.0	2	0	0	16	0	0.0652173913043	13	0.0378787878788	0.0217391304348	0.0326086956522	0.0	0.265151515152	0.0454545454545	0.0	0.0108695652174	0.0326086956522	0.0530303030303	3	0.00446428571429	0.0217391304348	0	Graduate	3	0.00892857142857	0.119565217391	2	0	True	0	0.0217391304348	0.223214285714	2	0.0	0.0446428571429	2	0.0	0.0326086956522	0.00446428571429	3	0.030303030303	0.0	0.0	0.0	0	0.0	35	92	0.0	0.0	9	0	0.0	0.054347826087	0	0.0	3	0.0357142857143	49	6	0	0.0	0.0357142857143	3.96969696969697	0.0681818181818	0.0151515151515	0.00446428571429	6	20	0	0.0133928571429	3	2	11	0.0
0.0237288135593	0.0	0.0372881355932	0.113475177305	3	0.0	15	0.012987012987	0.0194805194805	0.0	0.0	1	1240	0.0	0.227118644068	11	67	0.00709219858156	4	0.0	0.038961038961	0	0	0.0	2	0	0	0.00677966101695	0.0851063829787	0.0	0.0169491525424	0.0271186440678	0.038961038961	0	0.0	0	0	0.0	0.0	0.0354609929078	5.775	295	0	0	0.283687943262	0.0203389830508	9	1	5	0.0	0.175324675325	0.0324675324675	0	0	0	0	14	4.05	1	0.0	2	0	0.0372881355932	0	0.0	0	5	0.0	0	3	0.0212765957447	0	2	0.0	0.0237288135593	2	0	0.0	3	0.025974025974	0	0	0.00338983050847	0.00709219858156	5	12	0.0	16	0.0779220779221	1.21799308454192	0.0169491525424	0	5	0.0	0	0	0.0	0.00677966101695	6	4	0.0	0.0141843971631	0.0847457627119	3	1	10	0.0135593220339	0.0	11	0.0	0.0	0.00649350649351	0.0	0.0135593220339	7	3	0	40	0.00709219858156	0	0	0.0194805194805	12	3	0.025974025974	2	0.0	0.025974025974	0	0.0212765957447	0.00677966101695	3	0	4	25	12	2	0	23	16	0	22	0.0406779661017	yes	0	1	0	0.123376623377	40	0.113475177305	0	9	6	0.0	0	7	6	154	0.135593220339	0	0	30	0.00649350649351	0	0.0584415584416	0.0	0.012987012987	5	4	0.0	0	0	0	27	0	0.0	19	0.00649350649351	0.0354609929078	0.0	0.0203389830508	0.0909090909091	0.012987012987	0.0	0.0	0.0283687943262	0.012987012987	5	0.0	0.0	5	Graduate	4	0.0	0.148936170213	1	0	False	0	0.0354609929078	0.101694915254	1	0.0	0.0474576271186	1	0.0	0.0212765957447	0.00338983050847	4	0.0649350649351	0.0	0.0	0.0	1	0.0101694915254	14	141	0.0	0.0324675324675	2	2	0.0	0.0141843971631	2	0.0	0	0.0745762711864	50	6	0	0.0	0.0	4.24242424242424	0.0584415584416	0.0194805194805	0.0	8	120	4	0.0	0	0	21	0.00709219858156
0.0	0.0	0.0606060606061	0.0652173913043	1	0.0	36	0.0	0.0	0.0	0.0754716981132	0	1400	0.020202020202	0.181818181818	6	18	0.0	0	0.0	0.0566037735849	0	0	0.010101010101	0	0	0	0.0707070707071	0.0	0.0434782608696	0.0	0.0707070707071	0.0377358490566	0	0.0	2	1	0.0	0.0	0.0652173913043	4.725	99	0	0	0.217391304348	0.0	1	0	1	0.0	0.150943396226	0.0	1	0	0	0	10	2.9	3	0.0	6	0	0.030303030303	4	0.0	0	0	0.0	0	2	0.0	0	0	0.0	0.020202020202	0	0	0.0	0	0.11320754717	0	0	0.0	0.0869565217391	0	5	0.0	3	0.0754716981132	-0.61661617887334	0.0	5	0	0.0	0	0	0.0	0.010101010101	2	2	0.0	0.0	0.121212121212	0	0	0	0.020202020202	0.0	3	0.0	0.0	0.0	0.0	0.0	2	0	0	4	0.0	0	0	0.0188679245283	4	0	0.0	7	0.0	0.0377358490566	1	0.0	0.0	4	0	3.7	12	0	2	2	25	5	0	0	0.0505050505051	yes	0	0	0	0.0188679245283	10	0.108695652174	0	7	0	0.0	0	0	1	53	0.040404040404	0	0	11	0.0	0	0.0188679245283	0.0	0.0	0	2	0.0	1	0	0	8	0	0.0217391304348	1	0.0566037735849	0.0	0.0	0.010101010101	0.150943396226	0.0377358490566	0.0	0.0	0.0217391304348	0.0	3	0.0	0.0217391304348	0	Graduate	1	0.0	0.0652173913043	0	0	False	2	0.0217391304348	0.111111111111	0	0.0	0.10101010101	4	0.0	0.0869565217391	0.0	6	0.0	0.0	0.0	0.0	0	0.020202020202	8	46	0.0	0.0	1	0	0.0188679245283	0.130434782609	0	0.0434782608696	0	0.0	51	3	0	0.0	0.0505050505051	3.57575757575758	0.132075471698	0.0	0.0	7	140	0	0.0	0	0	3	0.0
0.0	0.0	0.020325203252	0.0860927152318	3	0.0	35	0.0210526315789	0.0105263157895	0.0	0.0105263157895	1	1160	0.0	0.239837398374	5	59	0.0397350993377	0	0.0	0.0105263157895	0	0	0.0	0	0	0	0.0	0.0132450331126	0.0	0.0325203252033	0.020325203252	0.0315789473684	0	0.0	0	0	0.0	0.0	0.0264900662252	5.45	246	0	0	0.284768211921	0.0	6	0	8	0.0	0.168421052632	0.0	0	0	0	0	5	4.1	0	0.0	3	2	0.0447154471545	1	0.0	2	8	0.00662251655629	0	1	0.00662251655629	0	0	0.0	0.00813008130081	2	0	0.0	0	0.0	0	0	0.0	0.0	1	9	0.0	13	0.0210526315789	-0.403321941281176	0.00406504065041	1	1	0.0	0	0	0.0	0.0	3	3	0.0	0.0	0.109756097561	1	1	2	0.0121951219512	0.0	11	0.0	0.0	0.0	0.0	0.0	2	1	0	72	0.0	0	0	0.0315789473684	2	3	0.0210526315789	0	0.0	0.0210526315789	0	0.0198675496689	0.00813008130081	3	0	4.2	27	2	1	0	19.5	15	0	4	0.0365853658537	no	0	6	0	0.326315789474	43	0.0993377483444	1	12	0	0.0	0	0	6	95	0.292682926829	0	0	22	0.0105263157895	0	0.0631578947368	0.0	0.0	0	2	0.0	0	0	0	16	0	0.0	31	0.0	0.00662251655629	0.0	0.0243902439024	0.0947368421053	0.0105263157895	0.0	0.0	0.0331125827815	0.0	4	0.00813008130081	0.0	0	Undergraduate	5	0.0	0.271523178808	0	0	False	0	0.0529801324503	0.0894308943089	0	0.0	0.020325203252	0	0.0	0.0198675496689	0.00406504065041	0	0.0210526315789	0.0	0.0	0.0132450331126	0	0.00406504065041	9	151	0.0	0.0	0	2	0.0	0.0198675496689	0	0.0	0	0.0162601626016	52	1	0	0.0	0.00406504065041	3.81060606060606	0.126315789474	0.0	0.0	5	0	2	0.0	0	0	41	0.0
0.0	0.0	0.026455026455	0.235294117647	5	0.0	48	0.0192307692308	0.0	0.0	0.0	1	1480	0.0	0.195767195767	5	37	0.0352941176471	1	0.0	0.0288461538462	0	0	0.00529100529101	1	0	0	0.021164021164	0.0	0.0	0.015873015873	0.026455026455	0.00961538461538	0	0.0	0	0	0.0	0.0	0.0235294117647	4.85	189	0	0	0.211764705882	0.010582010582	5	1	1	0.0	0.182692307692	0.00961538461538	1	0	0	1	8	3	3	0.0	5	0	0.010582010582	0	0.0	0	3	0.0	0	0	0.0235294117647	0	1	0.0	0.031746031746	2	1	0.0	1	0.00961538461538	0	0	0.00529100529101	0.0117647058824	3	8	0.0	20	0.0288461538462	0.102131624851082	0.015873015873	1	1	0.0	0	0	0.0117647058824	0.010582010582	1	2	0.0	0.0	0.0687830687831	0	0	0	0.010582010582	0.0	2	0.0	0.0	0.00961538461538	0.0	0.00529100529101	6	2	1	34	0.0	0	0	0.0480769230769	3	5	0.0	4	0.00529100529101	0.0192307692308	1	0.0588235294118	0.010582010582	3	0	3.8	13	0	5	0	30	5	0	0	0.042328042328	yes	0	3	0	0.230769230769	18	0.0588235294118	0	8	2	0.0	0	0	10	104	0.179894179894	0	0	37	0.0	0	0.0480769230769	0.0	0.00961538461538	1	2	0.0	1	0	0	19	1	0.0117647058824	24	0.0288461538462	0.0117647058824	0.0	0.0529100529101	0.163461538462	0.0480769230769	0.0	0.0117647058824	0.0470588235294	0.00961538461538	2	0.0	0.0117647058824	0	Graduate	4	0.0	0.117647058824	1	0	False	0	0.0117647058824	0.195767195767	1	0.0	0.042328042328	1	0.0	0.0352941176471	0.00529100529101	1	0.0	0.00961538461538	0.0	0.0	0	0.0	17	85	0.0	0.0	2	2	0.0	0.0588235294118	0	0.0	0	0.0	53	3	0	0.0	0.00529100529101	3.87878787878788	0.0769230769231	0.00961538461538	0.0	5	120	0	0.0	0	0	10	0.0117647058824
0.0	0.0	0.0378787878788	0.191176470588	2	0.0	14	0.0	0.0	0.015625	0.0	1	1320	0.0	0.219696969697	5	29	0.0	0	0.0	0.0625	1	0	0.0	0	0	0	0.00757575757576	0.0	0.0	0.00757575757576	0.0757575757576	0.0	0	0.0	0	0	0.0	0.015625	0.0147058823529	4.4	132	0	0	0.235294117647	0.0	4	0	0	0.0	0.203125	0.0	0	0	0	0	8	2.5	0	0.0	5	0	0.0	0	0.0	1	1	0.0147058823529	0	0	0.0147058823529	0	0	0.0	0.030303030303	0	0	0.0	0	0.0625	0	0	0.030303030303	0.0147058823529	1	7	0.0	13	0.046875	-0.531577303959147	0.00757575757576	0	1	0.0	0	0	0.0	0.0151515151515	0	2	0.0	0.0	0.0909090909091	0	1	0	0.0151515151515	0.0	0	0.0	0.0	0.03125	0.0	0.0	4	1	0	14	0.0	2	0	0.03125	3	4	0.015625	1	0.0	0.015625	0	0.0588235294118	0.0	3	0	3	12	0	3	0	27.5	5	1	0	0.0530303030303	yes	0	0	0	0.109375	16	0.0735294117647	1	7	0	0.0294117647059	0	0	6	64	0.106060606061	0	0	23	0.015625	0	0.0625	0.0	0.0	0	1	0.0	2	0	0	13	0	0.0	7	0.0	0.0147058823529	0.0	0.0454545454545	0.15625	0.046875	0.0	0.0	0.0882352941176	0.0	1	0.00757575757576	0.0294117647059	0	Graduate	6	0.00757575757576	0.102941176471	2	0	False	0	0.0	0.174242424242	4	0.0	0.0606060606061	1	0.0	0.0441176470588	0.00757575757576	4	0.0	0.0	0.0	0.0	0	0.0	10	68	0.0	0.0	2	0	0.0	0.0735294117647	0	0.0	0	0.0	54	4	0	0.0	0.0	3.45454545454545	0.109375	0.0	0.0	10	0	1	0.0	0	1	7	0.0
0.0	0.0	0.100775193798	0.0384615384615	1	0.0	36	0.0	0.0	0.0	0.0980392156863	2	1480	0.0	0.232558139535	13	30	0.0128205128205	1	0.0	0.117647058824	0	0	0.0	0	0	0	0.046511627907	0.025641025641	0.0	0.0077519379845	0.0387596899225	0.0	0	0.0	0	0	0.0	0.0	0.0897435897436	5.1	129	0	0	0.205128205128	0.0	1	0	2	0.0	0.274509803922	0.0	3	6	0	2	9	2.65	3	0.0	6	1	0.015503875969	5	0.046511627907	1	1	0.0512820512821	0	0	0.025641025641	0	0	0.0	0.0077519379845	0	0	0.0	0	0.0392156862745	1	0	0.0	0.0384615384615	2	4	0.0	3	0.0588235294118	0.017092749936892	0.015503875969	8	1	0.0	0	0	0.0	0.015503875969	0	4	0.0	0.0	0.108527131783	0	0	3	0.031007751938	0.0980392156863	2	0.0	0.0	0.0	0.0	0.0077519379845	1	2	0	0	0.0128205128205	0	0	0.0196078431373	3	1	0.0	6	0.0	0.0	0	0.0128205128205	0.0	3	0	3.7	14	2	0	0	20	12	0	5	0.031007751938	no	5	1	0	0.0	16	0.153846153846	4	2	0	0.0	0	0	2	51	0.0	0	0	9	0.0	0	0.0196078431373	0.0	0.0	0	0	0.0	2	0	2	14	0	0.0384615384615	0	0.0588235294118	0.0128205128205	0.0128205128205	0.015503875969	0.117647058824	0.0	0.0	0.025641025641	0.0384615384615	0.0	7	0.0077519379845	0.025641025641	0	Undergraduate	3	0.015503875969	0.0	0	0	False	0	0.025641025641	0.0697674418605	0	0.0	0.0697674418605	3	0.025641025641	0.0384615384615	0.015503875969	2	0.0588235294118	0.0	0.0	0.0128205128205	1	0.0	6	78	0.0	0.0	2	0	0.0	0.0769230769231	0	0.0	0	0.0387596899225	55	6	0	0.0	0.062015503876	3.36363636363637	0.0392156862745	0.0	0.0	5	0	0	0.0	0	2	0	0.0
0.0	0.0	0.0610687022901	0.112676056338	2	0.0	2	0.0	0.0	0.0	0.0166666666667	0	1320	0.0	0.206106870229	8	27	0.0	1	0.0	0.116666666667	0	0	0.030534351145	0	1	0	0.0	0.0	0.0	0.00763358778626	0.0381679389313	0.0166666666667	0	0.00763358778626	1	0	0.0	0.0	0.0140845070423	5.07763157894737	131	0	1	0.295774647887	0.0229007633588	7	2	0	0.0	0.1	0.0166666666667	0	0	0	0	5	3.25	0	0.0	2	0	0.00763358778626	1	0.0	0	1	0.0	0	1	0.0	0	0	0.00763358778626	0.0152671755725	0	4	0.0	1	0.05	0	0	0.0152671755725	0.0	0	14	0.0	8	0.05	-0.921123075345942	0.0	1	1	0.0166666666667	1	0	0.056338028169	0.00763358778626	1	0	0.0	0.0	0.0763358778626	0	0	1	0.0	0.0	1	0.0	0.0	0.0166666666667	0.0	0.00763358778626	2	0	0	18	0.0	1	0	0.0333333333333	3	2	0.0166666666667	0	0.0	0.0	4	0.0281690140845	0.0	7	0	3.45	10	0	1	0	25	3	0	1	0.106870229008	no	0	0	0	0.133333333333	21	0.0422535211268	0	7	3	0.0140845070423	0	0	4	60	0.137404580153	1	0	16	0.0	0	0.116666666667	0.0	0.0	1	0	0.0	1	0	3	6	0	0.0	8	0.0	0.0140845070423	0.0	0.030534351145	0.133333333333	0.0166666666667	0.0	0.0	0.0281690140845	0.0	1	0.0	0.0140845070423	0	Graduate	2	0.0229007633588	0.140845070423	1	0	True	0	0.0	0.12213740458	2	0.0	0.0381679389313	0	0.0422535211268	0.0985915492958	0.0	3	0.0166666666667	0.0	0.0140845070423	0.0	0	0.00763358778626	8	71	0.0	0.0	1	0	0.0	0.0281690140845	0	0.0140845070423	1	0.00763358778626	56	7	0	0.0140845070423	0.00763358778626	3.81818181818182	0.116666666667	0.0166666666667	0.0	5	100	1	0.00763358778626	1	3	10	0.0281690140845
0.0	0.0	0.00990099009901	0.132075471698	1	0.0	49	0.0208333333333	0.0208333333333	0.0	0.0208333333333	0	1320	0.0	0.168316831683	1	17	0.0	0	0.0	0.0208333333333	0	0	0.0	2	0	0	0.0990099009901	0.0	0.0	0.0	0.029702970297	0.0625	0	0.0	0	0	0.0	0.0	0.0	5.63815789473684	101	0	0	0.132075471698	0.00990099009901	3	1	0	0.0	0.208333333333	0.0	1	2	0	0	6	2.6	4	0.0	4	0	0.029702970297	1	0.019801980198	0	0	0.0377358490566	0	1	0.0188679245283	0	0	0.0	0.029702970297	1	0	0.0	0	0.0208333333333	1	0	0.0	0.11320754717	1	4	0.0	7	0.0416666666667	-0.397148157314924	0.00990099009901	2	2	0.0	0	0	0.0	0.029702970297	3	3	0.0	0.0	0.158415841584	1	0	0	0.029702970297	0.0208333333333	3	0.0	0.0188679245283	0.0	0.0	0.0	3	1	0	13	0.0	0	0	0.0208333333333	2	0	0.0	10	0.0	0.0208333333333	0	0.0	0.00990099009901	1	0	3.5	16	0	1	0	26.5	8	0	0	0.039603960396	yes	1	0	0	0.104166666667	7	0.150943396226	2	8	1	0.0	1	0	1	48	0.128712871287	0	1	9	0.0	0	0.0625	0.0	0.0	0	1	0.0	1	0	0	10	0	0.0188679245283	5	0.0833333333333	0.0377358490566	0.0188679245283	0.00990099009901	0.0416666666667	0.0208333333333	0.0	0.0	0.0377358490566	0.0416666666667	0	0.0	0.0188679245283	0	Graduate	2	0.0	0.150943396226	0	0	False	0	0.0	0.0891089108911	0	0.0	0.0594059405941	6	0.0	0.0188679245283	0.0	1	0.0	0.0	0.0	0.0	0	0.00990099009901	2	53	0.0	0.0	3	1	0.0	0.0754716981132	0	0.0	0	0.0	57	1	0	0.0	0.019801980198	3.87878787878788	0.166666666667	0.0	0.00990099009901	3	100	0	0.0	0	0	8	0.0188679245283
0.0	0.0	0.0142857142857	0.19	0	0.0	48	0.0	0.0	0.00909090909091	0.0272727272727	0	1480	0.0	0.242857142857	3	51	0.06	0	0.0	0.0	0	0	0.0	1	0	0	0.0333333333333	0.01	0.0	0.0428571428571	0.0142857142857	0.0	0	0.0	0	0	0.0	0.0	0.03	4.825	210	1	0	0.23	0.0190476190476	1	1	0	0.0	0.254545454545	0.0272727272727	3	3	0	0	7	2.75	3	0.0	4	1	0.0	3	0.0142857142857	1	9	0.03	0	0	0.01	0	0	0.0	0.0380952380952	0	0	0.0	0	0.00909090909091	2	0	0.0047619047619	0.04	1	3	0.0	19	0.0272727272727	0.565762803832931	0.0047619047619	6	4	0.0	0	0	0.0	0.0047619047619	0	3	0.0	0.0	0.0761904761905	0	0	0	0.0142857142857	0.00909090909091	0	0.00909090909091	0.01	0.00909090909091	0.01	0.0	8	1	0	36	0.0	0	0	0.0	3	1	0.0272727272727	7	0.0	0.0	0	0.01	0.0	2	0	3.4	16	1	4	0	25.5	6	1	1	0.0142857142857	no	1	6	0	0.218181818182	23	0.06	3	10	4	0.0	1	0	1	110	0.171428571429	0	2	41	0.0	0	0.00909090909091	0.0	0.0	3	0	0.0	0	1	0	28	0	0.03	24	0.0272727272727	0.04	0.02	0.0047619047619	0.2	0.0363636363636	0.0	0.0	0.02	0.00909090909091	3	0.0047619047619	0.0	0	Graduate	2	0.0047619047619	0.12	1	0	False	0	0.0	0.195238095238	1	0.0	0.0333333333333	4	0.0	0.02	0.0	1	0.0	0.0	0.0	0.01	0	0.0	22	100	0.0	0.0	1	0	0.0	0.04	0	0.0	0	0.0047619047619	58	0	0	0.0	0.0285714285714	3.18181818181818	0.0909090909091	0.0	0.00952380952381	3	40	3	0.0047619047619	1	1	12	0.01
0.00469483568075	0.0	0.0328638497653	0.0666666666667	2	0.0	26	0.0	0.0243902439024	0.00813008130081	0.0	2	1400	0.0	0.140845070423	7	30	0.0	2	0.0	0.0406504065041	2	0	0.0	0	0	0	0.056338028169	0.0	0.0	0.0093896713615	0.018779342723	0.0243902439024	0	0.0	1	0	0.0	0.0162601626016	0.0222222222222	5.51447368421053	213	0	0	0.144444444444	0.00469483568075	7	0	4	0.0	0.138211382114	0.00813008130081	0	0	0	0	7	4	7	0.0	3	1	0.0328638497653	0	0.0	3	2	0.0	0	4	0.0111111111111	0	1	0.0	0.0140845070423	0	0	0.0	0	0.0243902439024	0	0	0.00469483568075	0.0555555555556	2	14	0.0	6	0.0325203252033	-0.628963746805846	0.0093896713615	0	0	0.0	0	0	0.0	0.0	3	1	0.0	0.0111111111111	0.0704225352113	3	2	11	0.00469483568075	0.0	7	0.0	0.0777777777778	0.0	0.0	0.0093896713615	3	1	0	58	0.0222222222222	1	0	0.0162601626016	4	1	0.0162601626016	12	0.0	0.00813008130081	0	0.0111111111111	0.0	7	0	4.15	15	0	3	0	28	8	1	11	0.0657276995305	yes	0	0	0	0.260162601626	13	0.0888888888889	0	7	1	0.0111111111111	7	1	3	123	0.272300469484	0	7	15	0.0162601626016	0	0.0569105691057	0.0	0.00813008130081	1	1	0.0	0	0	0	17	0	0.0	32	0.0569105691057	0.0	0.0	0.0140845070423	0.0731707317073	0.0243902439024	0.0	0.0	0.0111111111111	0.0	2	0.0140845070423	0.0	0	Graduate	1	0.00469483568075	0.288888888889	0	0	True	0	0.0444444444444	0.0704225352113	1	0.0	0.0328638497653	5	0.0	0.0777777777778	0.0093896713615	3	0.0894308943089	0.0	0.0	0.0111111111111	2	0.018779342723	9	90	0.0	0.0	0	0	0.0	0.0333333333333	1	0.0111111111111	0	0.0516431924883	59	5	0	0.0	0.0	4.24242424242424	0.0569105691057	0.0	0.0328638497653	4	320	2	0.0	0	1	26	0.0
0.00934579439252	0.0	0.0934579439252	0.0535714285714	1	0.0	58	0.0196078431373	0.0	0.0196078431373	0.0	1	1320	0.0	0.233644859813	20	50	0.0357142857143	3	0.0267857142857	0.156862745098	0	0	0.00467289719626	2	0	0	0.0747663551402	0.0357142857143	0.0	0.018691588785	0.0233644859813	0.0392156862745	0	0.0	0	0	0.0	0.0	0.0357142857143	4.775	214	0	0	0.214285714286	0.0	2	0	1	0.0	0.254901960784	0.0	1	0	0	1	19	2.25	7	0.0140186915888	10	1	0.0233644859813	0	0.0	1	4	0.0	0	0	0.0	0	1	0.0	0.00934579439252	3	1	0.0	1	0.0392156862745	0	0	0.0	0.0803571428571	1	5	0.0	6	0.0882352941176	1.2906843915236	0.00467289719626	1	2	0.00980392156863	0	3	0.00892857142857	0.0280373831776	4	0	0.0	0.0	0.102803738318	0	0	3	0.0	0.0	5	0.0	0.0	0.0	0.0	0.0140186915888	2	0	0	21	0.0178571428571	0	0	0.00980392156863	9	0	0.0	16	0.0	0.0	1	0.0	0.0140186915888	3	0	3.95	22	4	0	0	33.5	13	2	7	0.0233644859813	yes	0	4	3	0.0490196078431	24	0.116071428571	0	9	0	0.0	0	2	1	102	0.0981308411215	0	0	11	0.0	0	0.0196078431373	0.0	0.00980392156863	0	0	0.0	4	0	1	26	0	0.00892857142857	5	0.0686274509804	0.0178571428571	0.0	0.00467289719626	0.0490196078431	0.0	0.0	0.00892857142857	0.00892857142857	0.0196078431373	4	0.00467289719626	0.0357142857143	2	Graduate	1	0.0140186915888	0.142857142857	0	0	False	0	0.00892857142857	0.0514018691589	0	0.00892857142857	0.088785046729	9	0.00892857142857	0.0267857142857	0.00467289719626	4	0.0294117647059	0.0	0.0	0.00892857142857	2	0.0	5	112	0.0	0.0196078431373	6	2	0.0	0.0892857142857	0	0.0	1	0.0327102803738	60	16	1	0.0	0.00467289719626	3.1969696969697	0.0882352941176	0.00980392156863	0.0	5	20	0	0.00467289719626	1	3	16	0.0
0.0	0.0	0.05	0.209677419355	3	0.0	14	0.0	0.0	0.0128205128205	0.0	3	1160	0.0	0.0642857142857	7	9	0.0483870967742	1	0.0	0.0384615384615	0	0	0.0	0	0	0	0.0	0.0	0.0	0.0214285714286	0.0428571428571	0.0128205128205	0	0.0	0	0	0.0	0.0	0.0645161290323	5.525	140	0	0	0.0322580645161	0.0285714285714	7	1	0	0.0	0.0897435897436	0.0384615384615	1	0	0	2	13	3.15	0	0.0	5	0	0.00714285714286	0	0.0	0	3	0.0	0	0	0.0	0	0	0.0	0.0214285714286	0	0	0.0	0	0.025641025641	0	0	0.0	0.0	0	8	0.0	13	0.102564102564	0.315425862443244	0.0	1	1	0.0	0	0	0.0	0.0	1	0	0.0	0.0	0.135714285714	0	1	0	0.0	0.0	1	0.0	0.0	0.0	0.0	0.00714285714286	3	0	0	34	0.0161290322581	0	0	0.0384615384615	8	0	0.0	0	0.0	0.0	0	0.0	0.0	1	0	4.4	19	0	2	0	26.5	8	1	0	0.0571428571429	yes	0	3	0	0.230769230769	2	0.129032258065	0	11	4	0.0	0	0	3	78	0.242857142857	0	0	24	0.0128205128205	0	0.0897435897436	0.0	0.0	3	0	0.0	0	0	0	7	0	0.0161290322581	18	0.0	0.0161290322581	0.0	0.0214285714286	0.141025641026	0.025641025641	0.0	0.0322580645161	0.0645161290323	0.0	4	0.0	0.0	0	Graduate	4	0.00714285714286	0.258064516129	0	0	False	0	0.0	0.171428571429	0	0.0	0.0928571428571	0	0.0	0.0161290322581	0.0214285714286	2	0.0	0.0	0.0	0.0	1	0.0	11	62	0.0	0.0	0	0	0.0	0.0806451612903	0	0.0	0	0.0	62	3	0	0.0	0.00714285714286	4.04545454545455	0.141025641026	0.0	0.0	6	240	0	0.0	0	1	16	0.0161290322581
0.0	0.0	0.0424528301887	0.0576923076923	0	0.0	48	0.00925925925926	0.0185185185185	0.0	0.0277777777778	0	1400	0.00471698113208	0.11320754717	9	24	0.0192307692308	0	0.0	0.0555555555556	0	0	0.00943396226415	7	0	0	0.0424528301887	0.0288461538462	0.00961538461538	0.00943396226415	0.0330188679245	0.00925925925926	1	0.00471698113208	0	1	0.0	0.0	0.0288461538462	5.325	212	0	0	0.0865384615385	0.00943396226415	5	1	1	0.0	0.138888888889	0.00925925925926	2	1	0	0	9	3.45	5	0.0	6	2	0.00943396226415	3	0.00471698113208	2	2	0.0192307692308	0	2	0.0	0	0	0.0	0.0377358490566	1	1	0.0	0	0.0277777777778	1	0	0.0	0.0384615384615	0	7	0.0	6	0.0277777777778	0.456028793053721	0.0	5	4	0.00925925925926	1	0	0.00961538461538	0.0330188679245	1	3	0.0	0.0	0.0566037735849	2	0	3	0.0141509433962	0.0	2	0.0	0.0	0.0	0.0	0.0	8	0	0	73	0.0	0	0	0.0	3	2	0.0	9	0.0	0.00925925925926	2	0.0192307692308	0.00471698113208	2	0	3.55	12	3	4	1	21	9	0	6	0.0330188679245	no	0	2	0	0.314814814815	9	0.0865384615385	2	3	2	0.0	0	0	2	108	0.344339622642	0	0	14	0.0	0	0.0462962962963	0.00925925925926	0.0	1	1	0.0	0	0	0	15	0	0.0192307692308	34	0.0462962962963	0.0384615384615	0.00961538461538	0.00943396226415	0.0740740740741	0.037037037037	0.0	0.0	0.0384615384615	0.0648148148148	3	0.00943396226415	0.0	0	Undergraduate	4	0.0	0.375	0	0	False	1	0.00961538461538	0.0660377358491	0	0.0	0.0424528301887	4	0.0	0.0192307692308	0.0	3	0.0277777777778	0.0	0.0	0.0192307692308	0	0.00943396226415	8	104	0.0	0.0	7	1	0.00925925925926	0.0576923076923	0	0.0	1	0.0283018867925	63	6	0	0.0	0.0235849056604	3.64204545454546	0.0277777777778	0.0	0.0	7	240	0	0.00471698113208	1	0	39	0.00961538461538
0.0	0.0	0.0353982300885	0.186440677966	6	0.0	?	0.0	0.0	0.0	0.037037037037	0	1320	0.0	0.16814159292	4	19	0.0	0	0.0	0.0	0	0	0.00884955752212	0	0	0	0.0265486725664	0.0	0.0	0.0	0.0265486725664	0.037037037037	0	0.0	0	0	0.0	0.0	0.0677966101695	5.325	113	0	0	0.169491525424	0.0265486725664	2	2	1	0.0	0.166666666667	0.0185185185185	0	0	0	0	6	2.95	2	0.0	1	0	0.0265486725664	2	0.0	0	0	0.0	0	0	0.0	0	0	0.0	0.0530973451327	0	1	0.0	0	0.0185185185185	0	0	0.0	0.0169491525424	0	3	0.0	11	0.0925925925926	-0.550098655857909	0.0	2	2	0.0	0	0	0.0169491525424	0.00884955752212	2	1	0.0	0.0	0.115044247788	0	0	0	0.00884955752212	0.0	3	0.0	0.0	0.0	0.0	0.0	6	0	0	23	0.0	0	0	0.111111111111	5	1	0.0	3	0.0	0.0185185185185	1	0.0169491525424	0.0	1	0	3.5	13	0	4	0	24	10	0	0	0.0265486725664	no	0	0	0	0.222222222222	10	0.169491525424	0	3	3	0.0	0	0	7	54	0.203539823009	0	0	15	0.0	0	0.037037037037	0.0	0.0	1	1	0.0	1	0	0	9	0	0.0	12	0.037037037037	0.0338983050847	0.0	0.0619469026549	0.0740740740741	0.0740740740741	0.0	0.0	0.0338983050847	0.0	4	0.0	0.0169491525424	0	Undergraduate	2	0.0	0.186440677966	0	0	False	0	0.0169491525424	0.132743362832	0	0.0	0.0530973451327	1	0.0	0.0169491525424	0.0	1	0.0	0.0	0.0	0.0	0	0.0	4	59	0.0	0.0	1	0	0.0	0.0169491525424	0	0.0	0	0.0	64	0	0	0.0	0.0176991150442	3.89393939393939	0.0555555555556	0.0	0.0	3	460	0	0.0	0	0	11	0.0338983050847
0.0	0.0	0.0279329608939	0.159090909091	1	0.0	26	0.0	0.0	0.032967032967	0.032967032967	1	1320	0.0	0.111731843575	5	20	0.0454545454545	2	0.0	0.021978021978	0	0	0.0	0	0	0	0.00558659217877	0.0	0.0	0.0446927374302	0.0167597765363	0.010989010989	0	0.0	0	0	0.0	0.0	0.0340909090909	4.55	179	1	0	0.102272727273	0.00558659217877	7	0	1	0.0	0.120879120879	0.010989010989	1	1	0	0	8	3.6	0	0.0	2	0	0.0111731843575	3	0.00558659217877	0	8	0.0113636363636	0	0	0.0	0	1	0.0	0.0167597765363	0	0	0.0	1	0.010989010989	1	0	0.0	0.0113636363636	1	11	0.0	14	0.0659340659341	0.358642350207024	0.00558659217877	4	2	0.0	0	0	0.0	0.0	1	2	0.0	0.0	0.0949720670391	0	1	0	0.0111731843575	0.0	2	0.010989010989	0.0227272727273	0.0	0.0	0.0111731843575	3	0	0	55	0.0113636363636	0	0	0.010989010989	6	3	0.043956043956	1	0.0	0.010989010989	0	0.0340909090909	0.0	4	0	4	17	0	1	0	26	11	3	0	0.0614525139665	no	0	4	0	0.318681318681	9	0.125	1	6	1	0.0	2	0	4	91	0.307262569832	0	3	24	0.010989010989	0	0.0769230769231	0.0	0.010989010989	1	1	0.0	0	0	0	11	0	0.0113636363636	29	0.0	0.0227272727273	0.0113636363636	0.0223463687151	0.10989010989	0.010989010989	0.0	0.0	0.0227272727273	0.0	3	0.0	0.0	0	Graduate	2	0.0167597765363	0.295454545455	0	0	True	0	0.0113636363636	0.134078212291	0	0.0	0.0446927374302	1	0.0	0.0454545454545	0.00558659217877	1	0.0	0.0	0.0	0.0	1	0.0	10	88	0.0	0.0	0	0	0.0	0.0227272727273	0	0.0	0	0.0	65	2	0	0.0	0.0223463687151	3.72727272727273	0.0659340659341	0.010989010989	0.0167597765363	3	240	4	0.0	0	3	26	0.0
0.0	0.0	0.0616438356164	0.0491803278689	0	0.0	3	0.0235294117647	0.0	0.0	0.0	2	1160	0.0	0.143835616438	9	21	0.016393442623	3	0.0	0.0823529411765	0	0	0.0	0	0	0	0.0205479452055	0.016393442623	0.0	0.00684931506849	0.027397260274	0.0470588235294	0	0.0	1	0	0.0	0.0	0.0327868852459	4.67105263157895	146	0	0	0.131147540984	0.0	3	0	3	0.0	0.152941176471	0.0	0	0	0	1	7	2.9	1	0.0	2	0	0.0479452054795	0	0.0	0	1	0.016393442623	0	1	0.0	0	2	0.0	0.0205479452055	2	0	0.0	3	0.0235294117647	0	0	0.0	0.0327868852459	2	7	0.0	3	0.0588235294118	-0.305935498434477	0.013698630137	0	2	0.0	0	0	0.0	0.00684931506849	4	4	0.0	0.0	0.164383561644	0	1	2	0.027397260274	0.0	7	0.0	0.0	0.0	0.0	0.0205479452055	3	0	0	32	0.0	0	0	0.0	5	2	0.0	3	0.0	0.0352941176471	0	0.0327868852459	0.013698630137	4	0	3.55	24	1	1	0	20.5	12	0	3	0.0479452054795	no	0	1	0	0.223529411765	8	0.196721311475	1	12	0	0.0	0	0	2	85	0.219178082192	0	0	8	0.0117647058824	0	0.0352941176471	0.0	0.0235294117647	0	3	0.0	1	0	0	13	0	0.0	19	0.0117647058824	0.0327868852459	0.0	0.013698630137	0.0588235294118	0.0117647058824	0.0	0.016393442623	0.0327868852459	0.0	2	0.0	0.016393442623	0	Undergraduate	2	0.0	0.213114754098	0	0	True	0	0.0491803278689	0.0547945205479	0	0.0	0.0479452054795	2	0.0	0.0655737704918	0.013698630137	2	0.0235294117647	0.0	0.0	0.0	0	0.00684931506849	5	61	0.0	0.0	1	2	0.0	0.0327868852459	0	0.016393442623	0	0.0205479452055	66	7	0	0.0	0.0	3.73030303030303	0.141176470588	0.0352941176471	0.0	4	0	0	0.0	0	0	13	0.0
0.00884955752212	0.0	0.0265486725664	0.0212765957447	1	0.0	53	0.0	0.0	0.0606060606061	0.0151515151515	0	1240	0.0	0.176991150442	3	20	0.0	1	0.0	0.0454545454545	0	0	0.00884955752212	2	0	0	0.0796460176991	0.106382978723	0.0	0.0	0.0176991150442	0.0	0	0.0	0	0	0.0151515151515	0.0	0.0	5.175	113	0	0	0.255319148936	0.0	0	0	1	0.0	0.121212121212	0.0	1	1	1	0	9	3.3	4	0.00884955752212	2	0	0.00884955752212	1	0.00884955752212	0	0	0.0	0	0	0.0	0	0	0.0	0.0176991150442	0	1	0.0	1	0.0	0	0	0.0	0.106382978723	0	0	0.0	1	0.106060606061	-0.726350189652548	0.0	2	0	0.0	0	0	0.0212765957447	0.0265486725664	0	1	0.0	0.0	0.106194690265	0	0	10	0.00884955752212	0.0151515151515	1	0.0	0.0	0.0	0.0	0.00884955752212	2	0	0	19	0.0	0	0	0.0151515151515	7	0	0.0	9	0.0	0.0151515151515	1	0.0	0.0	0	0	4.15	12	5	2	0	26	7	4	15	0.0	yes	1	0	1	0.151515151515	12	0.148936170213	0	5	0	0.0	0	1	1	66	0.16814159292	0	0	5	0.0	0	0.0	0.0	0.0	0	1	0.0	1	0	0	8	0	0.0212765957447	10	0.0606060606061	0.0	0.0	0.00884955752212	0.0606060606061	0.030303030303	0.0	0.0	0.0425531914894	0.030303030303	0	0.0	0.0212765957447	1	Graduate	2	0.0353982300885	0.191489361702	0	0	False	0	0.0212765957447	0.0442477876106	0	0.0	0.0796460176991	5	0.0	0.0	0.0	0	0.151515151515	0.0	0.0	0.0	0	0.0	4	47	0.0	0.0151515151515	3	0	0.0	0.0425531914894	0	0.0	0	0.132743362832	68	3	0	0.0	0.0176991150442	4.01515151515151	0.0757575757576	0.0151515151515	0.0	2	40	0	0.0	0	4	9	0.0
0.0	0.0	0.0147058823529	0.03125	0	0.0	31	0.0	0.0	0.0277777777778	0.0	0	1240	0.0	0.25	1	17	0.0	0	0.0	0.0277777777778	1	0	0.0	2	0	0	0.0294117647059	0.0	0.0	0.0	0.0441176470588	0.0277777777778	0	0.0	0	0	0.0	0.0277777777778	0.0	4.5	68	0	0	0.25	0.0	3	0	0	0.0	0.25	0.0	2	1	0	0	4	2.7	0	0.0	4	0	0.0147058823529	0	0.0147058823529	1	0	0.0	0	0	0.0	0	1	0.0	0.0147058823529	0	0	0.0	0	0.0277777777778	0	0	0.0	0.0625	1	6	0.0	1	0.0	-0.738697757585054	0.0147058823529	2	0	0.0	0	0	0.0	0.0441176470588	1	0	0.0	0.0	0.161764705882	0	0	0	0.0	0.0277777777778	1	0.0	0.0	0.0	0.0	0.0	1	0	0	8	0.0	0	0	0.0	0	0	0.0	2	0.0	0.0	0	0.0	0.0	3	0	3.65	11	0	1	0	26	5	1	0	0.0882352941176	no	1	0	0	0.111111111111	8	0.15625	0	6	0	0.0	0	0	0	36	0.117647058824	0	0	5	0.0	0	0.0833333333333	0.0	0.0277777777778	0	0	0.0	1	0	0	9	0	0.0625	4	0.0	0.0	0.0	0.0	0.111111111111	0.0277777777778	0.0	0.0	0.0625	0.0555555555556	0	0.0147058823529	0.03125	0	Graduate	2	0.0147058823529	0.125	0	0	True	0	0.0	0.0735294117647	0	0.0	0.0588235294118	2	0.0	0.09375	0.0	1	0.0	0.0	0.0	0.0	0	0.0	4	32	0.0	0.0	3	0	0.0	0.125	0	0.0	0	0.0	69	1	0	0.0	0.0294117647059	3.77272727272727	0.166666666667	0.0	0.0	3	120	0	0.0	0	1	4	0.0
0.0	0.0	0.0263157894737	0.102564102564	0	0.0	48	0.0	0.0	0.0	0.0	0	1240	0.0	0.210526315789	2	16	0.0	1	0.0	0.027027027027	0	0	0.0	1	0	0	0.0131578947368	0.0	0.0	0.0	0.0394736842105	0.0	0	0.0	0	0	0.0	0.0	0.025641025641	4.75	76	0	0	0.230769230769	0.0	0	0	0	0.0	0.189189189189	0.0	1	1	0	0	7	3.05	1	0.0	5	0	0.0	0	0.0131578947368	0	0	0.025641025641	0	0	0.025641025641	0	0	0.0	0.0	0	0	0.0	1	0.0540540540541	1	0	0.0	0.0	1	0	0.0	4	0.0540540540541	-0.945818211210963	0.0131578947368	1	0	0.0	0	0	0.0	0.0263157894737	0	3	0.0	0.0	0.197368421053	0	0	0	0.0394736842105	0.0	0	0.0	0.0	0.0	0.0	0.0131578947368	0	1	0	13	0.0	0	0	0.0	2	2	0.0	1	0.0	0.0540540540541	0	0.0512820512821	0.0	0	0	3.7	15	0	0	0	18.5	5	0	0	0.0	no	0	0	0	0.162162162162	9	0.128205128205	1	10	0	0.0	0	0	2	37	0.171052631579	0	0	8	0.0	0	0.0	0.0	0.0	0	2	0.0	1	0	0	7	0	0.025641025641	6	0.027027027027	0.0	0.025641025641	0.0263157894737	0.108108108108	0.0	0.0	0.0	0.025641025641	0.027027027027	1	0.0	0.025641025641	0	Undergraduate	1	0.0	0.179487179487	0	0	False	0	0.0	0.105263157895	0	0.0	0.0921052631579	0	0.0	0.0	0.0	2	0.0	0.0	0.0	0.0	0	0.0	4	39	0.0	0.0	2	0	0.0	0.128205128205	0	0.0	0	0.0	70	1	0	0.0	0.0131578947368	3.81818181818181	0.27027027027	0.027027027027	0.0	3	20	0	0.0	0	0	7	0.0
0.0	0.0	0.0526315789474	0.127659574468	1	0.0	17	0.0	0.0208333333333	0.0	0.0416666666667	2	1480	0.0	0.168421052632	5	16	0.0425531914894	0	0.0	0.0625	0	0	0.0	2	0	0	0.105263157895	0.0212765957447	0.0	0.0210526315789	0.0315789473684	0.0	0	0.0	0	0	0.0	0.0	0.0425531914894	4.775	95	0	0	0.212765957447	0.0	0	0	0	0.0	0.125	0.0	3	2	0	1	1	3	6	0.0	1	0	0.0	2	0.0210526315789	0	2	0.0425531914894	0	1	0.0	0	0	0.0	0.0315789473684	0	0	0.0	0	0.0416666666667	1	0	0.0	0.0851063829787	0	0	0.0	6	0.0	0.638454110814612	0.0	5	2	0.0	0	0	0.0	0.0210526315789	0	2	0.0	0.0	0.136842105263	1	1	2	0.0210526315789	0.0208333333333	0	0.0	0.0	0.0	0.0	0.0	3	0	0	14	0.0	0	0	0.0208333333333	0	0	0.0	10	0.0	0.0	0	0.0	0.0	0	0	3.9	13	1	1	0	33.5	7	0	3	0.0	no	1	2	0	0.229166666667	10	0.148936170213	2	6	0	0.0	0	0	1	48	0.147368421053	0	0	9	0.0208333333333	0	0.0	0.0	0.0	0	0	0.0	0	0	1	6	0	0.063829787234	11	0.125	0.0425531914894	0.0212765957447	0.0105263157895	0.0625	0.0208333333333	0.0	0.0212765957447	0.0212765957447	0.0416666666667	2	0.0	0.0	0	Graduate	1	0.0105263157895	0.063829787234	0	0	False	0	0.0	0.0947368421053	0	0.0	0.0105263157895	4	0.0212765957447	0.0	0.0210526315789	2	0.0416666666667	0.0	0.0	0.0	0	0.0105263157895	3	47	0.0	0.0	2	0	0.0	0.0212765957447	0	0.0	0	0.0315789473684	71	3	0	0.0	0.0526315789474	3.77272727272728	0.125	0.0	0.0	3	0	0	0.0	0	1	3	0.0
0.0	0.0	0.0559440559441	0.166666666667	1	0.0	3	0.0112359550562	0.0	0.0	0.0224719101124	4	1480	0.0	0.251748251748	8	36	0.0	0	0.0	0.0561797752809	0	0	0.0	2	0	0	0.027972027972	0.0	0.0	0.0	0.020979020979	0.0224719101124	0	0.0	1	0	0.0	0.0	0.0555555555556	5.4	143	0	0	0.37037037037	0.0	1	0	0	0.0	0.179775280899	0.0	2	1	0	0	7	3.1	3	0.0	0	0	0.013986013986	2	0.00699300699301	0	0	0.0	0	1	0.0	0	1	0.0	0.048951048951	1	0	0.0	0	0.0224719101124	0	0	0.0	0.0185185185185	1	3	0.0	9	0.0786516853933	0.187170499765275	0.00699300699301	4	1	0.0	0	0	0.0	0.013986013986	2	2	0.0	0.0	0.0979020979021	0	4	0	0.013986013986	0.0112359550562	2	0.0	0.0	0.0	0.0	0.0	7	0	0	15	0.0	0	0	0.0112359550562	7	2	0.0	4	0.0	0.0224719101124	0	0.037037037037	0.00699300699301	2	0	3.3	14	0	6	0	20.5	8	0	0	0.020979020979	no	1	0	0	0.123595505618	20	0.148148148148	0	6	0	0.0	0	0	3	89	0.104895104895	0	0	25	0.0449438202247	0	0.0112359550562	0.0	0.0112359550562	0	2	0.0	0	0	0	16	0	0.037037037037	11	0.0337078651685	0.0185185185185	0.0	0.020979020979	0.179775280899	0.0674157303371	0.0	0.0	0.0185185185185	0.0224719101124	3	0.0	0.0	0	Undergraduate	1	0.0	0.0740740740741	0	0	True	0	0.0	0.174825174825	0	0.0	0.048951048951	1	0.0	0.037037037037	0.027972027972	2	0.0	0.0	0.0	0.0	0	0.00699300699301	16	54	0.0	0.0	2	1	0.0	0.0	0	0.0185185185185	0	0.0	72	5	0	0.0	0.027972027972	3.81297348484849	0.0674157303371	0.0	0.0	3	100	0	0.0	0	0	4	0.0
0.0	0.0	0.0921052631579	0.0277777777778	2	0.0	48	0.0	0.0	0.0	0.0	0	1320	0.0197368421053	0.296052631579	14	45	0.0	1	0.0	0.0875	0	0	0.0	0	0	0	0.0394736842105	0.0555555555556	0.0416666666667	0.0	0.0263157894737	0.025	0	0.0	0	0	0.0125	0.0	0.0972222222222	4.425	152	0	0	0.319444444444	0.0	9	0	2	0.0	0.275	0.0	0	0	1	0	7	2.95	2	0.00657894736842	1	1	0.0263157894737	0	0.0	1	0	0.0277777777778	0	0	0.0	0	0	0.0	0.0263157894737	0	0	0.0	1	0.025	0	0	0.0	0.0555555555556	0	10	0.0	2	0.075	-0.428017077146194	0.0	0	2	0.0	0	0	0.0	0.0	2	2	0.0	0.0	0.105263157895	0	0	12	0.0131578947368	0.0	4	0.0	0.0	0.0	0.0	0.00657894736842	4	0	0	10	0.0	0	0	0.025	6	0	0.0	6	0.0	0.0	0	0.0	0.0	1	0	3.25	16	4	2	3	19.5	10	0	16	0.0657894736842	no	0	0	1	0.025	23	0.138888888889	2	6	0	0.0	0	0	2	80	0.0657894736842	0	0	6	0.0	0	0.1125	0.0	0.0	0	0	0.0	0	0	0	22	0	0.0	2	0.025	0.0277777777778	0.0	0.0131578947368	0.05	0.025	0.0	0.0	0.0277777777778	0.0	7	0.00657894736842	0.0	0	Undergraduate	2	0.0	0.111111111111	0	0	False	3	0.0277777777778	0.0394736842105	0	0.0	0.0460526315789	4	0.0	0.0138888888889	0.0	2	0.15	0.0	0.0	0.0138888888889	0	0.0	4	72	0.0	0.0	0	0	0.0	0.0138888888889	0	0.0	0	0.105263157895	73	7	0	0.0	0.0	3.6969696969697	0.075	0.0125	0.0	4	0	0	0.0	0	0	8	0.0
0.0	0.0	0.0	0.0	1	0.0	60	0.0	0.0	0.0	0.0	0	1160	0.0	0.117647058824	0	2	0.333333333333	0	0.0	0.0	0	0	0.0	0	0	0	0.0	0.0	0.0	0.0588235294118	0.0588235294118	0.0	0	0.0	0	0	0.0714285714286	0.0	0.0	5.525	17	0	0	0.0	0.0	2	0	0	0.0	0.142857142857	0.0	0	0	1	0	0	4.05	0	0.0588235294118	0	0	0.0	0	0.0	0	1	0.0	0	0	0.0	0	0	0.0	0.0	0	0	0.0	0	0.0	0	0	0.0	0.0	0	2	0.0	0	0.0	-0.836084200431755	0.0	0	0	0.0	0	0	0.0	0.0	0	0	0.0	0.0	0.235294117647	0	0	0	0.0	0.0	0	0.0	0.0	0.0	0.0	0.0	0	0	0	5	0.0	0	0	0.0714285714286	0	0	0.0	0	0.0	0.0	0	0.0	0.0	0	0	4.15	4	0	0	0	18	0	0	0	0.117647058824	no	0	1	1	0.285714285714	0	0.0	0	4	0	0.0	0	0	1	14	0.294117647059	0	0	0	0.0	0	0.142857142857	0.0	0.0	0	0	0.0	0	0	0	2	0	0.0	4	0.0	0.0	0.0	0.0588235294118	0.0	0.0	0.0	0.0	0.333333333333	0.0	0	0.0	0.0	0	Undergraduate	1	0.0	0.333333333333	0	0	False	0	0.0	0.0	0	0.0	0.0	0	0.0	0.0	0.0	0	0.0	0.0	0.0	0.0	0	0.0	0	3	0.0	0.0	0	0	0.0	0.0	0	0.0	0	0.0	74	0	0	0.0	0.0	4.21212121212121	0.285714285714	0.0	0.0	1	0	0	0.0	0	0	1	0.0
0.0	0.0	0.010752688172	0.191489361702	3	0.0	60	0.0	0.0	0.0	0.0	1	1320	0.0	0.311827956989	1	29	0.0	0	0.0	0.0217391304348	0	0	0.0	0	0	0	0.0	0.0212765957447	0.0	0.0	0.0537634408602	0.0	0	0.0	0	0	0.0	0.0	0.0	4.225	93	0	0	0.234042553191	0.0	3	0	0	0.0	0.391304347826	0.0	0	0	0	0	0	3.15	0	0.0	0	0	0.0	0	0.0	0	0	0.0	0	0	0.0	0	0	0.0	0.0537634408602	0	0	0.0	0	0.0869565217391	0	0	0.0	0.0	0	7	0.0	9	0.0	0.248908339427814	0.0	0	3	0.0	0	0	0.0	0.010752688172	0	0	0.0	0.0	0.0967741935484	0	1	1	0.0	0.0	0	0.0	0.0	0.0	0.0	0.0	5	0	0	18	0.0	0	0	0.0652173913043	0	1	0.0	0	0.0	0.0	0	0.0212765957447	0.0	4	0	3.35	9	1	2	0	21.5	6	0	2	0.0752688172043	no	0	0	0	0.173913043478	11	0.127659574468	0	3	0	0.0	0	0	4	46	0.193548387097	0	0	11	0.0217391304348	0	0.0652173913043	0.0	0.0	0	0	0.0	1	0	0	18	0	0.0	8	0.0	0.063829787234	0.0	0.0430107526882	0.0434782608696	0.0434782608696	0.0	0.0	0.0212765957447	0.0	0	0.0	0.0212765957447	0	Undergraduate	1	0.0	0.212765957447	0	0	False	0	0.0	0.118279569892	0	0.0	0.0	0	0.0	0.0851063829787	0.010752688172	4	0.0217391304348	0.0	0.0	0.0	0	0.0	2	47	0.0	0.0	1	0	0.0	0.0	0	0.0	0	0.0215053763441	75	1	0	0.0	0.0	3.16666666666667	0.0652173913043	0.0	0.0	5	0	0	0.0	0	0	10	0.0
