02,1-0040:17,1-0002:17,1-0012:12,1-0001:10,1-0010:9,1-0052:8,1-0005:8,1-0103:7,1-0168:7,1-0039:7,1-0003:7,1-0061:7,1-0033:6,1-0009:6,1-0023:5,1-0150:5,1-0015:5,1-0008:5,1-0073:4,1-0019:4,1-0007:4,1-0128:3,1-0086:3,1-0053:3,1-0025:3,1-0055:3,1-0184:3,1-0522:3,1-0112:3,1-0314:3,1-0238:3,1-0042:3,1-0050:3,1-0211:3,1-0144:3,1-0011:3,1-0046:2,1-0049:2,1-0017:2,1-0079:2,1-0855:2,1-0026:2,1-0964:2,1-0131:2,1-0212:2,1-0041:2,1-0264:2,1-0811:2,1-0133:2,1-0213:2,1-0278:2,1-0178:2,1-0089:2,1-0044:2,1-0043:2,1-0059:2,1-0191:2,1-0273:2,1-0816:2,1-0116:2,1-0056:2,1-0072:2,1-0069:2,1-0037:2,1-0298:2,1-0698:2,1-0433:2,1-0014:2,1-0207:2,1-0036:2,1-0161:2,1-1184:2,1-1148:2,1-0465:2,1-0024:2,1-1023:2,1-0120:2,1-0090:2,1-0155:2,1-0048:1,1-2214:1,1-1119:1,1-0075:1,1-0241:1,1-0419:1,1-0062:1,1-0317:1,1-0068:1,1-1630:1,1-0031:1,1-0940:1,1-0520:1,1-0156:1,1-0173:1,1-0117:1,1-0226:1,1-0129:1,1-0035:1,1-0029:1,1-2113:1,1-0194:1,1-0693:1,1-0189:1,1-1205:1,1-0140:1,1-1207:1,1-0358:1,1-0138:1,1-0022:1,1-0034:1,1-0027:1,1-0276:1,1-0093:1,1-0081:1,1-0642:1,1-0100:1,1-2267:1,1-0631:1,1-0077:1,1-0080:1,1-0318:1,1-0583:1,1-1535:1,1-1307:1,1-1253:1,1-1984:1,1-0293:1,1-0393:1,1-0006:1,1-0259:1,1-0020:1,1-0004:1,1-0510:1,1-1413:1,1-0071:1,1-1218:1,1-0047:1,1-0820:1,1-0108:1,1-2152:1,1-0134:1,1-0057:1,1-0269:1,1-0844:1,1-0013:1,1-1861:1,1-0121:1,1-0699:1,1-0447:1,1-0018:1,1-0199:1,1-1427:1,1-0607:1,1-0649:1,1-0319:1,1-0325:1,1-2317:1,1-0219:1,1-0139:1,1-0153:1,1-0182:1,1-0230:1,1-2187:1,1-1451:1,1-1894:1,1-0489:1,1-0257:1,1-0045:1,1-0828:1,1-0088:1,1-0247:1,1-0326:1,1-0249:1,1-0074:1,1-0587:1,1-2486:1,1-0590:1,1-0369:1,1-1465:1,1-0181:1,1-1071:1,1-0082:1,1-0262:1,1-0179:1,1-0343:1,1-1613:1,1-0368:1,2-0009:5,2-0100:2,2-0473:2,2-0011:2,2-0003:2,2-0001:2,2-0004:2,2-0402:2,2-0038:2,2-0487:2,2-0585:2,2-2153:1,2-2411:1,2-2166:1,2-2294:1,2-0642:1,2-0224:1,2-0184:1,2-0165:1,2-0002:1,2-1026:1,2-0497:1,2-1912:1,2-1556:1,2-1812:1,2-1562:1,2-1428:1,2-0037:1,2-2328:1,2-0352:1,2-0116:1,2-2450:1,2-0014:1,2-0676:1,2-1067:1,2-1313:1,2-0070:1,2-0815:1,2-0548:1,2-2231:1,2-2355:1,2-0155:1,2-1964:1,2-0054:1,2-2475:1,2-1604:1,2-0027:1,2-0106:1,2-1341:1,2-1855:1,2-0387:1,2-2120:1,2-2387:1,2-0985:1,2-0035:1,2-2146:1,2-0995:1,2-0608:1,3-0048:2,3-0001:1,3-0468:1,3-0584:1,3-0078:1,3-0084:1,3-0507:1
03,1-0006:19,1-0001:18,1-0048:16,1-0004:16,1-0026:12,1-0012:11,1-0014:11,1-0025:10,1-0010:10,1-0007:10,1-0035:9,1-0022:9,1-0003:9,1-0002:8,1-0054:7,1-0032:6,1-0144:6,1-0075:5,1-0083:5,1-0052:5,1-0020:5,1-0291:5,1-0146:5,1-0009:5,1-0340:5,1-0005:5,1-0046:4,1-0053:4,1-0358:4,1-0021:4,1-0047:4,1-0076:4,1-0072:4,1-0237:4,1-0121:4,1-0236:3,1-0017:3,1-0118:3,1-0245:3,1-0027:3,1-0089:3,1-0127:3,1-0044:3,1-0100:3,1-0080:3,1-0040:3,1-0696:3,1-0643:3,1-0037:3,1-0018:3,1-0015:3,1-0850:3,1-0074:3,1-0019:3,1-0105:3,1-0011:3,1-0265:2,1-0154:2,1-0128:2,1-0123:2,1-0028:2,1-0079:2,1-0212:2,1-0041:2,1-0066:2,1-1036:2,1-0119:2,1-0029:2,1-0390:2,1-0217:2,1-0055:2,1-0034:2,1-0043:2,1-0349:2,1-0098:2,1-0077:2,1-0432:2,1-0509:2,1-0297:2,1-0071:2,1-0159:2,1-0042:2,1-0201:2,1-0051:2,1-0251:2,1-0170:2,1-0187:2,1-0024:2,1-0050:2,1-0125:2,1-0228:1,1-0122:1,1-0038:1,1-0287:1,1-0064:1,1-2225:1,1-0068:1,1-0067:1,1-1162:1,1-0567:1,1-0156:1,1-1354:1,1-1122:1,1-0131:1,1-0923:1,1-0095:1,1-0344:1,1-0568:1,1-0373:1,1-0837:1,1-0162:1,1-0099:1,1-1794:1,1-0107:1,1-0023:1,1-0194:1,1-0603:1,1-0157:1,1-0770:1,1-2401:1,1-0355:1,1-0747:1,1-0333:1,1-0081:1,1-0093:1,1-1969:1,1-0392:1,1-0288:1,1-0142:1,1-0429:1,1-0188:1,1-0430:1,1-0143:1,1-0059:1,1-0200:1,1-0148:1,1-0414:1,1-0379:1,1-0203:1,1-1987:1,1-1310:1,1-2430:1,1-0176:1,1-0240:1,1-1217:1,1-0130:1,1-0614:1,1-0238:1,1-2440:1,1-0842:1,1-0057:1,1-2442:1,1-0205:1,1-0534:1,1-0069:1,1-0646:1,1-0229:1,1-0271:1,1-0136:1,1-0417:1,1-0387:1,1-1270:1,1-0147:1,1-0033:1,1-0557:1,1-0861:1,1-0036:1,1-0290:1,1-0454:1,1-0608:1,1-0164:1,1-1107:1,1-0039:1,1-1149:1,1-0863:1,1-1741:1,1-1187:1,1-1150:1,1-0315:1,1-0158:1,1-0209:1,1-0211:1,1-0326:1,1-0249:1,1-1331:1,1-1151:1,1-0338:1,1-0669:1,1-0061:1,1-0222:1,1-0702:1,1-0512:1,1-0735:1,1-0104:1,1-1468:1,1-0262:1,1-1921:1,1-0343:1,1-0008:1,1-0195:1,2-0496:2,2-0010:2,2-0011:2,2-0266:2,2-0001:2,2-0046:2,2-0021:2,2-0016:2,2-0020:2,2-0243:1,2-1532:1,2-1896:1,2-1661:1,2-1141:1,2-1662:1,2-0766:1,2-0029:1,2-0094:1,2-1150:1,2-2048:1,2-0592:1,2-0123:1,2-1679:1,2-0022:1,2-0305:1,2-0023:1,2-1815:1,2-1294:1,2-0791:1,2-0565:1,2-1684:1,2-2202:1,2-0809:1,2-2340:1,2-0058:1,2-1958:1,2-2096:1,2-0139:1,2-0135:1,2-0007:1,2-0699:1,2-0004:1,2-0824:1,2-0068:1,2-0831:1,2-0041:1,2-0435:1,2-0127:1,2-0845:1,2-2638:1,2-0268:1,2-0210:1,2-2399:1,2-0035:1,2-1255:1,3-0157:1
04,1-0005:7,1-0023:6,1-0008:6,1-0046:5,1-0001:5,1-0088:5,1-0065:4,1-0024:4,1-0002:4,1-0020:4,1-0017:3,1-0159:3,1-0099:3,1-0014:3,1-0027:3,1-0411:3,1-0011:3,1-0038:2,1-0013:2,1-0042:2,1-0031:2,1-0094:2,1-0215:2,1-0036:2,1-0015:2,1-0093:2,1-0043:2,1-0007:2,1-0881:2,1-0030:1,1-0048:1,1-0054:1,1-0124:1,1-0012:1,1-0028:1,1-0026:1,1-0018:1,1-2307:1,1-0377:1,1-0243:1,1-0556:1,1-0693:1,1-2397:1,1-0221:1,1-0022:1,1-0546:1,1-0127:1,1-0605:1,1-0120:1,1-0090:1,1-0019:1,1-0082:1,1-0807:1,2-0004:5,2-0001:3,2-0044:2,2-0002:2,2-0025:2,2-0035:2,2-0018:2,2-0008:2,2-0017:2,2-0038:1,2-0719:1,2-0164:1,2-0085:1,2-0005:1,2-0118:1,2-0099:1,2-0007:1,2-0647:1,2-2106:1,2-0558:1,3-0528:1,3-0026:1,3-0013:1,3-0046:1,3-0011:1
05,1-0001:18,1-0035:10,1-0029:10,1-0013:9,1-0015:9,1-0086:7,1-0006:7,1-0068:6,1-0255:5,1-0135:5,1-0030:4,1-0056:4,1-0278:4,1-0034:4,1-0170:4,1-0065:4,1-0002:4,1-0004:4,1-0012:3,1-0079:3,1-0041:3,1-0413:3,1-0096:3,1-0022:3,1-0039:3,1-0003:3,1-0080:3,1-0040:3,1-0008:3,1-0265:2,1-0048:2,1-0057:2,1-0064:2,1-0069:2,1-0037:2,1-0683:2,1-0107:2,1-0161:2,1-0178:2,1-0025:2,1-0458:2,1-0027:2,1-0088:2,1-0077:2,1-0596:2,1-0070:2,1-0009:2,1-0144:2,1-0071:1,1-0539:1,1-0046:1,1-0134:1,1-0123:1,1-0241:1,1-0038:1,1-0053:1,1-0205:1,1-2095:1,1-0363:1,1-0797:1,1-1697:1,1-0442:1,1-0229:1,1-0822:1,1-0028:1,1-0398:1,1-0042:1,1-0518:1,1-0087:1,1-0031:1,1-0416:1,1-0094:1,1-0484:1,1-0463:1,1-0636:1,1-0324:1,1-0099:1,1-0967:1,1-0147:1,1-0388:1,1-0693:1,1-0189:1,1-0150:1,1-0560:1,1-0036:1,1-0115:1,1-0153:1,1-0218:1,1-2244:1,1-0092:1,1-0010:1,1-0032:1,1-0251:1,1-0081:1,1-0773:1,1-0089:1,1-0044:1,1-0043:1,1-0285:1,1-1021:1,1-0097:1,1-0239:1,1-0050:1,1-0827:1,1-0469:1,1-0160:1,1-0249:1,1-0063:1,1-0120:1,1-0370:1,1-0431:1,1-0487:1,1-0061:1,1-1213:1,1-0090:1,1-0327:1,1-0019:1,1-0007:1,1-1308:1,1-0495:1,1-0179:1,1-0354:1,1-0060:1,1-0457:1,1-0384:1,1-0126:1,1-1473:1,1-0125:1,1-0321:1,1-0368:1,2-0006:4,2-0012:3,2-0005:2,2-0541:2,2-0009:1,2-0169:1,2-0109:1,2-0310:1,2-0646:1,2-0113:1,2-0004:1,2-0018:1,2-1229:1,2-0017:1,2-1040:1,2-1747:1,2-1748:1,2-0038:1,2-2495:1,2-0022:1,2-0660:1,2-0388:1,2-0970:1,2-0786:1,2-2262:1,2-0077:1,2-1633:1,2-0060:1,2-2334:1,2-2337:1,2-2644:1,3-0284:1
07,1-0001:24,1-0011:14,1-0029:13,1-0185:12,1-0004:12,1-0104:11,1-0006:10,1-0020:10,1-0057:9,1-0012:8,1-0084:8,1-0010:8,1-0005:8,1-0072:7,1-0124:6,1-0190:6,1-0025:6,1-0022:6,1-0040:6,1-0141:6,1-0168:6,1-0085:6,1-0007:6,1-0167:6,1-0009:6,1-0075:5,1-0264:5,1-0157:5,1-0027:5,1-0018:5,1-0036:5,1-0218:5,1-0002:5,1-0019:5,1-0122:4,1-0123:4,1-0660:4,1-0140:4,1-0098:4,1-0080:4,1-0037:4,1-0501:4,1-0182:4,1-0003:4,1-0385:3,1-0046:3,1-0921:3,1-0026:3,1-0186:3,1-0055:3,1-0044:3,1-0065:3,1-0279:3,1-0430:3,1-0077:3,1-0113:3,1-0134:3,1-0109:3,1-0014:3,1-0102:3,1-0115:3,1-0548:3,1-0144:3,1-0126:3,1-0125:3,1-0471:2,1-0525:2,1-0163:2,1-0920:2,1-0064:2,1-0053:2,1-0300:2,1-0757:2,1-0405:2,1-0997:2,1-0066:2,1-0837:2,1-0898:2,1-1124:2,1-0129:2,1-0035:2,1-0107:2,1-0213:2,1-0111:2,1-0169:2,1-0093:2,1-0100:2,1-0078:2,1-1306:2,1-0083:2,1-0052:2,1-0509:2,1-0293:2,1-0060:2,1-0103:2,1-0499:2,1-0071:2,1-0149:2,1-0932:2,1-0069:2,1-0087:2,1-0289:2,1-0033:2,1-0353:2,1-0032:2,1-0015:2,1-0734:2,1-0701:2,1-0561:2,1-0357:2,1-0074:2,1-0669:2,1-0327:2,1-0627:2,1-0369:2,1-0383:2,1-0339:2,1-0008:2,1-0228:1,1-0599:1,1-0938:1,1-1197:1,1-2213:1,1-0378:1,1-0048:1,1-0796:1,1-0526:1,1-0038:1,1-1931:1,1-2219:1,1-0477:1,1-0225:1,1-0062:1,1-0214:1,1-0068:1,1-0017:1,1-0236:1,1-0540:1,1-0208:1,1-0152:1,1-0028:1,1-0079:1,1-0073:1,1-0031:1,1-0567:1,1-0156:1,1-1636:1,1-0758:1,1-1078:1,1-0373:1,1-1502:1,1-0162:1,1-0426:1,1-1951:1,1-1507:1,1-0215:1,1-0390:1,1-0312:1,1-0492:1,1-1297:1,1-0359:1,1-1376:1,1-2248:1,1-0684:1,1-0798:1,1-0969:1,1-2124:1,1-0034:1,1-0427:1,1-0473:1,1-1001:1,1-1248:1,1-0351:1,1-2126:1,1-0127:1,1-0089:1,1-0043:1,1-0288:1,1-0239:1,1-1665:1,1-0516:1,1-0328:1,1-1302:1,1-0712:1,1-2132:1,1-0101:1,1-2133:1,1-0672:1,1-0582:1,1-1399:1,1-0694:1,1-0488:1,1-0414:1,1-0496:1,1-0381:1,1-2425:1,1-0259:1,1-0137:1,1-0322:1,1-2145:1,1-0475:1,1-0303:1,1-0397:1,1-1175:1,1-0165:1,1-0112:1,1-2432:1,1-1416:1,1-1056:1,1-1136:1,1-0108:1,1-0821:1,1-0304:1,1-0356:1,1-1011:1,1-2441:1,1-0763:1,1-0076:1,1-0205:1,1-1095:1,1-0237:1,1-0615:1,1-1266:1,1-0198:1,1-1699:1,1-0110:1,1-0159:1,1-0801:1,1-0266:1,1-0635:1,1-1703:1,1-0136:1,1-0594:1,1-0042:1,1-0484:1,1-0447:1,1-0578:1,1-0935:1,1-2171:1,1-0913:1,1-0267:1,1-0718:1,1-1015:1,1-0216:1,1-0311:1,1-0638:1,1-0720:1,1-2032:1,1-1432:1,1-0114:1,1-1877:1,1-1016:1,1-0221:1,1-0051:1,1-1185:1,1-1275:1,1-0296:1,1-1732:1,1-1592:1,1-0549:1,1-0550:1,1-1453:1,1-0050:1,1-0196:1,1-2345:1,1-2346:1,1-0448:1,1-0338:1,1-0120:1,1-0308:1,1-0334:1,1-0735:1,1-0090:1,1-0562:1,1-0181:1,1-0917:1,1-0135:1,1-0894:1,1-0262:1,1-0179:1,1-0354:1,1-0155:1,1-0105:1,1-1072:1,1-0896:1,1-0305:1,2-0275:3,2-0039:3,2-0274:2,2-0280:2,2-0617:2,2-0195:2,2-0175:2,2-0229:2,2-0271:2,2-0015:2,2-0450:2,2-1009:1,2-0319:1,2-1265:1,2-2293:1,2-1269:1,2-1399:1,2-0875:1,2-1536:1,2-0327:1,2-2422:1,2-0589:1,2-2544:1,2-2424:1,2-0002:1,2-0043:1,2-2178:1,2-0771:1,2-0233:1,2-0018:1,2-1154:1,2-1033:1,2-0047:1,2-1036:1,2-0017:1,2-2054:1,2-0011:1,2-1164:1,2-1292:1,2-1817:1,2-0440:1,2-1567:1,2-0323:1,2-2203:1,2-2065:1,2-0910:1,2-1690:1,2-0120:1,2-1696:1,2-1064:1,2-1702:1,2-0036:1,2-0324:1,2-0284:1,2-0937:1,2-1083:1,2-0031:1,2-0007:1,2-1092:1,2-2102:1,2-0601:1,2-1337:1,2-2480:1,2-0004:1,2-1224:1,2-1226:1,2-0357:1,2-0827:1,2-0711:1,2-1484:1,2-0038:1,2-2115:1,2-2119:1,2-0143:1,2-1864:1,2-1866:1,2-1234:1,2-0051:1,2-1869:1,2-0160:1,2-0436:1,2-2515:1,2-0035:1,2-0735:1,2-0407:1,2-0096:1,2-2150:1,2-0423:1,3-0490:1,3-0075:1,3-0596:1,3-0076:1,3-0520:1,3-0482:1,3-0534:1,3-0429:1
09,1-0001:8,1-0002:8,1-0015:7,1-0013:6,1-0041:6,1-0004:6,1-0023:5,1-0003:5,1-0007:5,1-0014:4,1-0051:4,1-0143:4,1-0006:4,1-0008:4,1-0012:3,1-0087:3,1-0032:3,1-0055:3,1-0044:3,1-0063:3,1-0021:3,1-0009:3,1-0005:3,1-0112:2,1-0030:2,1-0046:2,1-0180:2,1-0048:2,1-0054:2,1-0075:2,1-0057:2,1-0053:2,1-0056:2,1-0500:2,1-0028:2,1-0035:2,1-0150:2,1-0153:2,1-0182:2,1-0092:2,1-0022:2,1-0174:2,1-0166:2,1-0160:2,1-0019:2,1-0060:2,1-0047:1,1-0149:1,1-0049:1,1-0134:1,1-0841:1,1-0086:1,1-0777:1,1-0064:1,1-0205:1,1-0069:1,1-0068:1,1-0462:1,1-0017:1,1-0229:1,1-0302:1,1-0037:1,1-0073:1,1-0031:1,1-2455:1,1-0094:1,1-0416:1,1-0256:1,1-0117:1,1-0119:1,1-0263:1,1-2461:1,1-0085:1,1-0900:1,1-0219:1,1-0677:1,1-0115:1,1-0114:1,1-0025:1,1-0367:1,1-0730:1,1-0081:1,1-0089:1,1-0411:1,1-0043:1,1-0024:1,1-0946:1,1-0285:1,1-0743:1,1-0078:1,1-0209:1,1-0806:1,1-0148:1,1-0261:1,1-0070:1,1-0179:1,1-0126:1,1-0451:1,1-0020:1,1-0011:1,1-0116:1,2-0034:4,2-0005:2,2-0004:2,2-0010:2,2-0012:2,2-0098:1,2-0046:1,2-2225:1,2-0613:1,2-0070:1,2-1599:1,2-0155:1,2-0258:1,2-0054:1,2-0007:1,2-0002:1,2-0049:1,2-0093:1,2-1101:1,2-2488:1,2-0375:1,2-2492:1,2-0011:1,2-1757:1,2-0361:1,2-0003:1,2-2067:1,2-0001:1,2-0241:1,2-0302:1,2-1638:1,2-1376:1,3-0001:1,3-0458:1,3-0034:1,3-0586:1
10,1-0001:13,1-0006:11,1-0003:11,1-0007:10,1-0035:9,1-0026:8,1-0025:8,1-0012:7,1-0036:7,1-0044:6,1-0020:6,1-0037:6,1-0009:6,1-0079:5,1-0052:5,1-0102:5,1-0428:4,1-0043:4,1-0137:4,1-0229:4,1-0013:4,1-0018:4,1-0014:4,1-0010:4,1-0015:4,1-0019:4,1-0154:3,1-0086:3,1-0067:3,1-0041:3,1-0023:3,1-0358:3,1-0022:3,1-0098:3,1-0021:3,1-0475:3,1-0004:3,1-0054:3,1-0033:3,1-0161:3,1-0002:3,1-0074:3,1-0048:2,1-0123:2,1-0274:2,1-0189:2,1-0034:2,1-0027:2,1-0175:2,1-0059:2,1-0063:2,1-0103:2,1-0240:2,1-0269:2,1-0056:2,1-0275:2,1-0085:2,1-0032:2,1-0511:2,1-0050:2,1-0181:2,1-0082:2,1-0011:2,1-0005:2,1-0008:2,1-0122:1,1-0046:1,1-0049:1,1-0075:1,1-0331:1,1-0038:1,1-0287:1,1-0053:1,1-0017:1,1-0300:1,1-0028:1,1-0031:1,1-0520:1,1-0131:1,1-0941:1,1-1797:1,1-0140:1,1-0213:1,1-0055:1,1-0081:1,1-0438:1,1-0774:1,1-0078:1,1-2130:1,1-0204:1,1-1974:1,1-0576:1,1-0875:1,1-0077:1,1-0080:1,1-0318:1,1-0432:1,1-0083:1,1-1675:1,1-0185:1,1-0496:1,1-0040:1,1-0203:1,1-1988:1,1-0474:1,1-2004:1,1-0076:1,1-0072:1,1-0310:1,1-0069:1,1-0955:1,1-0042:1,1-0087:1,1-0298:1,1-0121:1,1-0094:1,1-0617:1,1-0168:1,1-0224:1,1-0638:1,1-0218:1,1-1102:1,1-0201:1,1-0296:1,1-0039:1,1-1068:1,1-0230:1,1-0170:1,1-1448:1,1-0024:1,1-0315:1,1-0151:1,1-0211:1,1-0346:1,1-0806:1,1-0249:1,1-0338:1,1-1462:1,1-1914:1,1-0155:1,1-0780:1,1-0490:1,1-0305:1,1-0321:1,2-0322:3,2-0008:3,2-0148:2,2-0165:2,2-0043:2,2-0042:2,2-2005:1,2-2152:1,2-0062:1,2-0640:1,2-0151:1,2-1464:1,2-1403:1,2-0007:1,2-0132:1,2-0004:1,2-0040:1,2-2437:1,2-0021:1,2-0206:1,2-0123:1,2-0422:1,2-0011:1,2-0041:1,2-0003:1,2-0125:1,2-0189:1,2-0568:1,2-0016:1,2-0528:1,2-0025:1,2-1514:1,2-2452:1,2-0001:1,2-0012:1,2-0303:1,3-0009:2,3-0017:1,3-0393:1
11,1-0008:13,1-0015:10,1-0013:9,1-0001:9,1-0030:8,1-0034:6,1-0002:6,1-0051:5,1-0003:5,1-0004:5,1-0163:4,1-0012:4,1-0010:4,1-0039:4,1-0093:4,1-0078:4,1-0019:4,1-0007:4,1-0028:3,1-0037:3,1-0026:3,1-0031:3,1-0141:3,1-0380:3,1-0092:3,1-0071:2,1-0046:2,1-0180:2,1-0076:2,1-0064:2,1-0079:2,1-0041:2,1-0099:2,1-0014:2,1-0036:2,1-0027:2,1-0465:2,1-0175:2,1-0006:2,1-0060:2,1-0154:1,1-0600:1,1-0654:1,1-1418:1,1-0086:1,1-0057:1,1-0053:1,1-0056:1,1-0124:1,1-0017:1,1-1854:1,1-0783:1,1-0398:1,1-2101:1,1-0042:1,1-2163:1,1-0567:1,1-0341:1,1-0066:1,1-0887:1,1-0018:1,1-0117:1,1-0119:1,1-0129:1,1-0372:1,1-0107:1,1-0023:1,1-0399:1,1-0033:1,1-2028:1,1-2323:1,1-0161:1,1-0727:1,1-0625:1,1-0025:1,1-0032:1,1-0055:1,1-0656:1,1-0044:1,1-0166:1,1-0097:1,1-1128:1,1-0098:1,1-0209:1,1-0050:1,1-1902:1,1-1525:1,1-0160:1,1-0247:1,1-0294:1,1-0308:1,1-0061:1,1-0588:1,1-0524:1,1-0083:1,1-0090:1,1-2197:1,1-0052:1,1-0009:1,1-0206:1,1-0322:1,1-1684:1,1-0020:1,1-0011:1,1-0005:1,1-0789:1,2-0005:7,2-0006:6,2-0009:2,2-0004:2,2-2004:1,2-0272:1,2-2154:1,2-1382:1,2-0046:1,2-0087:1,2-0085:1,2-1266:1,2-0118:1,2-0030:1,2-0599:1,2-0109:1,2-0007:1,2-0002:1,2-0335:1,2-0082:1,2-0093:1,2-0010:1,2-1293:1,2-0975:1,2-0136:1,2-2562:1,2-2630:1,2-2133:1,2-0012:1,2-0738:1,2-0396:1,2-1001:1,3-0051:1,3-0455:1,3-0106:1,3-0019:1
12,1-0002:11,1-0001:9,1-0012:7,1-0023:6,1-0042:5,1-0139:5,1-0047:4,1-0329:4,1-0015:4,1-0020:4,1-0011:4,1-0048:3,1-0038:3,1-0017:3,1-0031:3,1-0041:3,1-0140:3,1-0051:3,1-0032:3,1-0039:3,1-0089:3,1-0316:3,1-0061:3,1-0261:3,1-0007:3,1-0040:3,1-0006:3,1-0005:3,1-0071:2,1-0599:2,1-0282:2,1-0269:2,1-0056:2,1-0067:2,1-0028:2,1-0266:2,1-0518:2,1-0073:2,1-0018:2,1-0141:2,1-0168:2,1-0036:2,1-0010:2,1-0138:2,1-0174:2,1-0027:2,1-1232:2,1-0132:2,1-0063:2,1-0019:2,1-0021:2,1-0929:2,1-0819:1,1-0030:1,1-0180:1,1-2010:1,1-0086:1,1-0977:1,1-0241:1,1-0064:1,1-1093:1,1-0109:1,1-0124:1,1-0072:1,1-0452:1,1-0462:1,1-0246:1,1-0797:1,1-0822:1,1-0013:1,1-0079:1,1-0026:1,1-0275:1,1-1245:1,1-0212:1,1-0226:1,1-0035:1,1-0659:1,1-0107:1,1-1014:1,1-0189:1,1-0515:1,1-0213:1,1-0312:1,1-0625:1,1-0182:1,1-0025:1,1-0022:1,1-0055:1,1-0034:1,1-2253:1,1-0410:1,1-1299:1,1-0081:1,1-0043:1,1-0065:1,1-0003:1,1-0024:1,1-0774:1,1-0511:1,1-0210:1,1-0972:1,1-0308:1,1-0200:1,1-0538:1,1-0083:1,1-0327:1,1-1912:1,1-0347:1,1-0181:1,1-0009:1,1-0297:1,1-0206:1,1-0105:1,1-0004:1,2-0030:3,2-0452:2,2-0002:2,2-0421:2,2-0009:1,2-0530:1,2-0811:1,2-0613:1,2-0087:1,2-0070:1,2-0416:1,2-0053:1,2-0371:1,2-0027:1,2-1742:1,2-1685:1,2-0001:1,2-0571:1,2-0919:1,2-0008:1
13,1-0082:15,1-0001:12,1-0008:11,1-0018:8,1-0098:7,1-0006:7,1-0020:7,1-0025:6,1-0080:6,1-0004:6,1-0054:6,1-0035:5,1-0355:5,1-0027:5,1-0012:5,1-0287:4,1-0225:4,1-0017:4,1-0540:4,1-0029:4,1-0097:4,1-0072:4,1-0037:4,1-0455:4,1-0015:4,1-0003:4,1-0222:4,1-0007:4,1-0009:4,1-0451:4,1-0046:3,1-0049:3,1-0038:3,1-0031:3,1-0581:3,1-0226:3,1-0150:3,1-0254:3,1-0101:3,1-0059:3,1-0063:3,1-0060:3,1-0543:3,1-0171:3,1-0134:3,1-0109:3,1-0033:3,1-0074:3,1-0350:3,1-0167:3,1-0011:3,1-0048:2,1-0131:2,1-0119:2,1-0553:2,1-0111:2,1-0022:2,1-0055:2,1-0969:2,1-0081:2,1-0773:2,1-0288:2,1-0142:2,1-0077:2,1-0840:2,1-1258:2,1-1314:2,1-0030:2,1-0113:2,1-0205:2,1-1176:2,1-0255:2,1-1269:2,1-0253:2,1-0243:2,1-0637:2,1-0232:2,1-1323:2,1-0114:2,1-0092:2,1-0010:2,1-0251:2,1-0166:2,1-0024:2,1-0209:2,1-0002:2,1-0211:2,1-0160:2,1-0308:2,1-0104:2,1-0330:2,1-0105:2,1-0005:2,1-0125:2,1-0195:2,1-1154:1,1-0491:1,1-1929:1,1-1928:1,1-0600:1,1-0282:1,1-2215:1,1-1156:1,1-0075:1,1-0064:1,1-0053:1,1-0124:1,1-0420:1,1-0782:1,1-1487:1,1-0118:1,1-2100:1,1-1077:1,1-1244:1,1-0922:1,1-1352:1,1-1634:1,1-1494:1,1-0245:1,1-0344:1,1-0099:1,1-1504:1,1-0710:1,1-0023:1,1-1366:1,1-0091:1,1-0140:1,1-0554:1,1-0530:1,1-1513:1,1-0058:1,1-0374:1,1-0034:1,1-0276:1,1-0093:1,1-0277:1,1-0089:1,1-2128:1,1-0927:1,1-0775:1,1-0078:1,1-0328:1,1-0175:1,1-0204:1,1-2266:1,1-1821:1,1-1526:1,1-0318:1,1-1131:1,1-1672:1,1-0674:1,1-0148:1,1-0052:1,1-0021:1,1-0293:1,1-0040:1,1-1541:1,1-0360:1,1-0572:1,1-0498:1,1-0397:1,1-0116:1,1-0301:1,1-1688:1,1-0323:1,1-0291:1,1-0057:1,1-2014:1,1-0056:1,1-0310:1,1-1264:1,1-0376:1,1-2157:1,1-2158:1,1-0859:1,1-2160:1,1-0136:1,1-0594:1,1-0042:1,1-0298:1,1-0289:1,1-1423:1,1-1865:1,1-1425:1,1-0982:1,1-2305:1,1-0468:1,1-1714:1,1-0463:1,1-2308:1,1-1567:1,1-0014:1,1-0147:1,1-0267:1,1-0085:1,1-0102:1,1-1575:1,1-2179:1,1-0523:1,1-0115:1,1-0153:1,1-1102:1,1-0890:1,1-2332:1,1-0051:1,1-0296:1,1-0164:1,1-0039:1,1-1149:1,1-0443:1,1-2186:1,1-0742:1,1-0511:1,1-1895:1,1-1235:1,1-0050:1,1-0088:1,1-1332:1,1-0893:1,1-2193:1,1-0061:1,1-1284:1,1-0281:1,1-0651:1,1-0090:1,1-0019:1,1-0181:1,1-2201:1,1-0250:1,1-0340:1,1-0252:1,1-0193:1,1-0830:1,1-0795:1,1-0467:1,2-0003:3,2-0004:3,2-0002:2,2-0113:2,2-0461:2,2-0001:2,2-0483:2,2-0447:2,2-0015:2,2-0489:1,2-0009:1,2-2526:1,2-0100:1,2-2008:1,2-0326:1,2-2019:1,2-0128:1,2-1139:1,2-1020:1,2-0147:1,2-0763:1,2-0109:1,2-1407:1,2-1799:1,2-0040:1,2-0022:1,2-0011:1,2-1291:1,2-0896:1,2-1818:1,2-0440:1,2-2569:1,2-2448:1,2-1936:1,2-1940:1,2-2583:1,2-1714:1,2-1449:1,2-0070:1,2-0816:1,2-2361:1,2-1218:1,2-0445:1,2-2364:1,2-0276:1,2-0959:1,2-0961:1,2-1230:1,2-2380:1,2-0422:1,2-0332:1,2-2386:1,2-0434:1,2-0112:1,2-1984:1,2-0260:1,2-2391:1,2-0517:1,2-0843:1,2-0191:1,2-2398:1,2-0448:1,3-0001:2,3-0349:1,3-0065:1,3-0486:1,3-0426:1,3-0540:1,3-0126:1,3-0234:1
14,1-0001:16,1-0014:10,1-0058:10,1-0006:9,1-0027:7,1-0002:7,1-0005:7,1-0073:6,1-0008:6,1-0046:5,1-0028:5,1-0042:5,1-0009:5,1-0038:4,1-0057:4,1-0146:4,1-0015:4,1-0043:4,1-0003:4,1-0004:4,1-0017:3,1-0013:3,1-0031:3,1-0094:3,1-0023:3,1-0036:3,1-0668:3,1-0120:3,1-0060:3,1-0020:3,1-0030:2,1-0852:2,1-0054:2,1-0113:2,1-0076:2,1-0064:2,1-0053:2,1-0237:2,1-0087:2,1-0018:2,1-0095:2,1-0029:2,1-0197:2,1-0481:2,1-0010:2,1-0044:2,1-0024:2,1-0080:2,1-0007:2,1-0011:2,1-0606:1,1-0154:1,1-0919:1,1-0047:1,1-0049:1,1-0214:1,1-1242:1,1-0425:1,1-1564:1,1-0417:1,1-1940:1,1-1222:1,1-0192:1,1-0035:1,1-0147:1,1-0216:1,1-0084:1,1-0232:1,1-2399:1,1-0227:1,1-0025:1,1-2336:1,1-0039:1,1-0856:1,1-0089:1,1-0127:1,1-0166:1,1-0196:1,1-0605:1,1-0088:1,1-0063:1,1-1194:1,1-0191:1,1-1466:1,1-0082:1,1-0330:1,1-0470:1,1-0321:1,2-0007:5,2-0004:4,2-0002:3,2-0025:3,2-0005:2,2-0016:2,2-0001:2,2-0008:2,2-0009:1,2-0222:1,2-0050:1,2-2535:1,2-1842:1,2-1389:1,2-0085:1,2-1267:1,2-0148:1,2-0574:1,2-0147:1,2-0341:1,2-0021:1,2-1044:1,2-0022:1,2-1920:1,2-0003:1,2-2129:1,2-1824:1,2-0484:1,2-0042:1,2-1127:1,2-1710:1,3-0009:1,3-0001:1,3-0219:1,3-0026:1,3-0318:1
16,1-0006:10,1-0017:9,1-0005:8,1-0011:8,1-0012:7,1-0042:7,1-0024:7,1-0010:6,1-0032:6,1-0095:5,1-0014:5,1-0036:5,1-0015:5,1-0023:4,1-0001:4,1-0002:4,1-0061:4,1-0228:3,1-0049:3,1-0099:3,1-0097:3,1-0050:3,1-0059:3,1-0060:3,1-0008:3,1-0030:2,1-0108:2,1-0038:2,1-0241:2,1-0190:2,1-0110:2,1-0555:2,1-0117:2,1-0035:2,1-0085:2,1-0146:2,1-0051:2,1-0186:2,1-0093:2,1-0089:2,1-0187:2,1-0080:2,1-0019:2,1-0070:2,1-0009:2,1-0082:2,1-0203:2,1-0112:1,1-0606:1,1-0130:1,1-0122:1,1-2007:1,1-0048:1,1-0422:1,1-0054:1,1-0076:1,1-0064:1,1-0269:1,1-0072:1,1-0420:1,1-0540:1,1-1291:1,1-0067:1,1-0028:1,1-0037:1,1-0136:1,1-0026:1,1-0031:1,1-1563:1,1-0094:1,1-0041:1,1-0066:1,1-0018:1,1-0033:1,1-0207:1,1-0665:1,1-0336:1,1-0232:1,1-0530:1,1-0221:1,1-0359:1,1-0220:1,1-0025:1,1-0058:1,1-0039:1,1-0521:1,1-0027:1,1-0465:1,1-0988:1,1-0065:1,1-0003:1,1-0151:1,1-0098:1,1-2189:1,1-1130:1,1-0342:1,1-0674:1,1-0371:1,1-0090:1,1-0231:1,1-1307:1,1-2139:1,1-0007:1,1-0364:1,1-0330:1,1-0126:1,1-0004:1,1-0171:1,1-0195:1,2-0001:7,2-0053:6,2-0030:3,2-0040:3,2-0003:3,2-0046:2,2-0089:2,2-0339:1,2-0227:1,2-0129:1,2-0283:1,2-0097:1,2-0400:1,2-0005:1,2-0694:1,2-0238:1,2-0044:1,2-0147:1,2-0007:1,2-1219:1,2-0194:1,2-1907:1,2-1739:1,2-2616:1,2-0207:1,2-0234:1,2-0287:1,2-0010:1,2-1557:1,2-1923:1,2-2257:1,2-0115:1,2-0108:1,2-0016:1,2-0268:1,2-1062:1,2-0916:1,2-0307:1,2-2402:1,2-0020:1,3-0070:2,3-0577:1,3-0236:1,3-0549:1,3-0607:1,3-0022:1,3-0054:1,3-0579:1
17,1-0003:29,1-0044:13,1-0010:12,1-0004:10,1-0072:8,1-0153:8,1-0032:8,1-0079:7,1-0111:7,1-0113:7,1-0012:7,1-0015:7,1-0002:7,1-0007:7,1-0365:6,1-0149:6,1-0037:6,1-0343:6,1-0021:5,1-0116:5,1-0547:5,1-0115:5,1-0019:5,1-0035:4,1-0029:4,1-0027:4,1-0464:4,1-0011:4,1-0067:3,1-0131:3,1-0140:3,1-0001:3,1-0857:3,1-0078:3,1-0148:3,1-0006:3,1-0267:3,1-0039:3,1-0050:3,1-0009:3,1-0008:3,1-0086:2,1-0062:2,1-0026:2,1-0682:2,1-0692:2,1-0341:2,1-0344:2,1-0119:2,1-0313:2,1-0870:2,1-0396:2,1-0729:2,1-0022:2,1-0055:2,1-0307:2,1-0438:2,1-0873:2,1-0285:2,1-0874:2,1-0097:2,1-0063:2,1-0337:2,1-0231:2,1-0052:2,1-0112:2,1-0057:2,1-0885:2,1-0825:2,1-0218:2,1-0251:2,1-0257:2,1-0735:2,1-0261:2,1-1478:1,1-0395:1,1-0122:1,1-0378:1,1-0444:1,1-1620:1,1-0075:1,1-0123:1,1-0038:1,1-0241:1,1-0225:1,1-0317:1,1-0363:1,1-0068:1,1-0118:1,1-0177:1,1-1351:1,1-1077:1,1-2105:1,1-0811:1,1-0194:1,1-1952:1,1-1206:1,1-2393:1,1-0025:1,1-0138:1,1-0472:1,1-0169:1,1-0367:1,1-0730:1,1-1517:1,1-0034:1,1-0685:1,1-0081:1,1-0926:1,1-1815:1,1-0392:1,1-0233:1,1-0531:1,1-0280:1,1-1303:1,1-0631:1,1-1211:1,1-0675:1,1-0145:1,1-1832:1,1-0040:1,1-0060:1,1-0322:1,1-0817:1,1-2288:1,1-0931:1,1-0071:1,1-0662:1,1-0750:1,1-2006:1,1-0108:1,1-0375:1,1-0269:1,1-1012:1,1-2300:1,1-2161:1,1-0042:1,1-0087:1,1-0698:1,1-0018:1,1-0733:1,1-1573:1,1-0655:1,1-2470:1,1-0182:1,1-0164:1,1-0401:1,1-1188:1,1-0209:1,1-2478:1,1-0466:1,1-0088:1,1-0074:1,1-2067:1,1-0308:1,1-0061:1,1-0587:1,1-0580:1,1-0090:1,1-0327:1,1-0589:1,1-1336:1,1-1464:1,1-0459:1,1-0155:1,1-0105:1,1-0451:1,1-0490:1,1-2366:1,1-0467:1,2-0015:7,2-0114:6,2-0021:4,2-0009:3,2-0094:3,2-0300:3,2-0110:3,2-0326:2,2-0342:2,2-0437:2,2-2223:1,2-0631:1,2-0083:1,2-1328:1,2-0754:1,2-2091:1,2-0494:1,2-0213:1,2-0455:1,2-2242:1,2-1152:1,2-2246:1,2-1034:1,2-2186:1,2-2187:1,2-0552:1,2-0476:1,2-0716:1,2-1627:1,2-0842:1,2-2572:1,2-1238:1,2-2327:1,2-0241:1,2-2273:1,2-2460:1,2-0740:1,2-0020:1,2-0163:1,2-2587:1,3-0314:1,3-0156:1,3-0364:1,3-0370:1
18,1-0063:7,1-0006:6,1-0019:5,1-0007:5,1-0012:4,1-0013:4,1-0001:4,1-0003:4,1-0004:4,1-0008:4,1-0071:3,1-0046:3,1-0056:3,1-0009:3,1-0048:2,1-0054:2,1-0017:2,1-0028:2,1-0037:2,1-0159:2,1-0156:2,1-0035:2,1-0140:2,1-0002:2,1-0112:1,1-0030:1,1-1220:1,1-0128:1,1-0053:1,1-0110:1,1-0271:1,1-0042:1,1-0409:1,1-0031:1,1-2021:1,1-0173:1,1-0433:1,1-0041:1,1-0117:1,1-0099:1,1-0133:1,1-0107:1,1-0096:1,1-1429:1,1-0182:1,1-0010:1,1-0022:1,1-0032:1,1-0039:1,1-0015:1,1-0089:1,1-0044:1,1-0043:1,1-0024:1,1-0320:1,1-0412:1,1-0200:1,1-0061:1,1-0432:1,1-0334:1,1-0906:1,1-0090:1,1-0021:1,1-0261:1,1-0135:1,1-0496:1,1-0020:1,1-0011:1,1-0005:1,1-0283:1,1-0103:1,1-0467:1,2-0012:3,2-0053:2,2-0004:2,2-0172:2,2-0047:2,2-1616:1,2-0234:1,2-0057:1,2-0299:1,2-2059:1,2-2533:1,2-0097:1,2-2165:1,2-0056:1,2-0005:1,2-0118:1,2-0102:1,2-0135:1,2-0054:1,2-0001:1,2-0302:1,2-0071:1,2-1610:1,2-0020:1,2-1582:1,2-0021:1,3-0025:1,3-0477:1,3-0453:1,3-0574:1,3-0034:1,3-0011:1,3-0213:1,3-0201:1,3-0605:1
19,1-0001:8,1-0193:8,1-0026:6,1-0005:5,1-0008:5,1-0298:4,1-0015:4,1-0060:4,1-0004:4,1-0030:3,1-0049:3,1-0038:3,1-0068:3,1-0017:3,1-0014:3,1-0023:3,1-0025:3,1-0089:3,1-0043:3,1-0024:3,1-0196:3,1-0021:3,1-0011:3,1-0163:2,1-0075:2,1-0013:2,1-0031:2,1-0041:2,1-0051:2,1-0055:2,1-0034:2,1-0027:2,1-0081:2,1-0166:2,1-0019:2,1-0009:2,1-0020:2,1-0048:1,1-0180:1,1-0739:1,1-2438:1,1-0238:1,1-0053:1,1-0056:1,1-0072:1,1-0363:1,1-0407:1,1-0067:1,1-0190:1,1-0079:1,1-0037:1,1-0121:1,1-0141:1,1-0095:1,1-0117:1,1-0648:1,1-0099:1,1-0035:1,1-0133:1,1-0107:1,1-0029:1,1-0721:1,1-0329:1,1-0010:1,1-0022:1,1-0032:1,1-0355:1,1-0258:1,1-0003:1,1-1231:1,1-1005:1,1-1817:1,1-0002:1,1-0960:1,1-0345:1,1-0148:1,1-0083:1,1-0713:1,1-0052:1,1-0007:1,1-0135:1,1-0006:1,1-0126:1,2-0003:3,2-0005:3,2-0001:3,2-0010:2,2-0006:2,2-0043:2,2-0058:1,2-0100:1,2-2558:1,2-0079:1,2-0011:1,2-0236:1,2-0059:1,2-2565:1,2-0350:1,2-0266:1,2-0368:1,2-0002:1,2-0094:1,2-0019:1,2-0068:1,2-0997:1,2-1860:1,3-0002:1,3-0001:1,3-0442:1
20,1-0001:34,1-0040:23,1-0069:22,1-0032:22,1-0003:22,1-0002:21,1-0077:17,1-0044:16,1-0012:15,1-0139:15,1-0004:14,1-0065:13,1-0078:12,1-0009:12,1-0039:11,1-0029:10,1-0007:10,1-0022:9,1-0047:9,1-0051:9,1-0133:8,1-0033:8,1-0045:8,1-0072:7,1-0028:6,1-0177:6,1-0336:6,1-0021:6,1-0084:6,1-0164:6,1-0005:6,1-0444:5,1-0027:5,1-0184:5,1-0010:5,1-0332:4,1-0020:4,1-0136:4,1-0014:4,1-0502:4,1-0085:4,1-0114:4,1-0064:3,1-0041:3,1-0117:3,1-0035:3,1-0107:3,1-0034:3,1-0675:3,1-0006:3,1-0056:3,1-0037:3,1-0018:3,1-0146:3,1-0070:3,1-0126:3,1-0011:3,1-0689:3,1-0265:2,1-0539:2,1-0048:2,1-0075:2,1-0026:2,1-0031:2,1-1203:2,1-0099:2,1-0023:2,1-0813:2,1-0169:2,1-0472:2,1-0089:2,1-0307:2,1-0097:2,1-0239:2,1-0612:2,1-0342:2,1-0303:2,1-0976:2,1-0057:2,1-0110:2,1-0121:2,1-0957:2,1-0267:2,1-0153:2,1-0092:2,1-1240:2,1-0491:1,1-0049:1,1-0086:1,1-0456:1,1-0419:1,1-0068:1,1-0017:1,1-1242:1,1-0079:1,1-0073:1,1-1785:1,1-0173:1,1-0785:1,1-1495:1,1-0574:1,1-0226:1,1-0313:1,1-0515:1,1-1798:1,1-1650:1,1-0396:1,1-0390:1,1-2396:1,1-1511:1,1-0138:1,1-0684:1,1-0055:1,1-0641:1,1-0093:1,1-0081:1,1-0686:1,1-0349:1,1-0449:1,1-1825:1,1-0188:1,1-0143:1,1-0080:1,1-0063:1,1-0016:1,1-0337:1,1-2278:1,1-0145:1,1-1404:1,1-0297:1,1-0206:1,1-0474:1,1-0060:1,1-0322:1,1-0498:1,1-2147:1,1-0643:1,1-0543:1,1-0171:1,1-0116:1,1-0499:1,1-2003:1,1-1011:1,1-0291:1,1-0500:1,1-0663:1,1-1557:1,1-0237:1,1-0198:1,1-0013:1,1-0398:1,1-0042:1,1-1863:1,1-0289:1,1-0199:1,1-0324:1,1-0263:1,1-0299:1,1-0147:1,1-0624:1,1-1224:1,1-1101:1,1-2035:1,1-1881:1,1-0227:1,1-1227:1,1-1106:1,1-0296:1,1-0015:1,1-0270:1,1-0411:1,1-0024:1,1-0257:1,1-0549:1,1-0158:1,1-0936:1,1-0050:1,1-0211:1,1-2348:1,1-0248:1,1-0960:1,1-0120:1,1-0580:1,1-1755:1,1-0090:1,1-0019:1,1-1911:1,1-0754:1,1-0348:1,1-0179:1,1-1916:1,1-0105:1,1-0506:1,1-0781:1,1-0008:1,2-0051:9,2-0129:4,2-0152:4,2-0116:3,2-0564:2,2-0010:2,2-0026:2,2-0037:2,2-0349:2,2-0060:2,2-0510:2,2-0046:2,2-0146:2,2-0401:2,2-0054:2,2-0093:2,2-0581:2,2-0205:2,2-0586:2,2-0449:2,2-1384:1,2-0391:1,2-0492:1,2-1021:1,2-0412:1,2-2028:1,2-0002:1,2-0371:1,2-0078:1,2-1153:1,2-1288:1,2-0124:1,2-0022:1,2-0057:1,2-0023:1,2-0003:1,2-2197:1,2-1819:1,2-0306:1,2-0034:1,2-0110:1,2-1932:1,2-0014:1,2-0353:1,2-0103:1,2-0042:1,2-1311:1,2-1579:1,2-2077:1,2-1581:1,2-1837:1,2-0618:1,2-0024:1,2-0384:1,2-1955:1,2-0690:1,2-1957:1,2-1731:1,2-1336:1,2-2487:1,2-0021:1,2-0963:1,2-0267:1,2-0359:1,2-0535:1,2-1494:1,2-2511:1,2-1764:1,2-1510:1,2-1877:1,2-0988:1,2-0028:1,2-2519:1,2-1885:1,2-0998:1,2-1254:1,2-0423:1,3-0001:1,3-0367:1,3-0545:1,3-0003:1,3-0242:1,3-0263:1,3-0270:1,3-0187:1,3-0417:1,3-0272:1
21,1-0001:5,1-0008:5,1-0235:3,1-0201:3,1-0015:3,1-0007:3,1-0006:3,1-0042:2,1-0073:2,1-0041:2,1-0141:2,1-0192:2,1-0014:2,1-0029:2,1-0023:2,1-0051:2,1-0276:2,1-0043:2,1-0003:2,1-0050:2,1-0193:2,1-0020:2,1-2367:1,1-0054:1,1-0038:1,1-0124:1,1-0676:1,1-0072:1,1-1159:1,1-0954:1,1-0246:1,1-0012:1,1-0028:1,1-0013:1,1-0156:1,1-0387:1,1-0094:1,1-0416:1,1-0018:1,1-0095:1,1-0648:1,1-1569:1,1-0035:1,1-0085:1,1-0091:1,1-0139:1,1-0146:1,1-0232:1,1-0036:1,1-0115:1,1-0114:1,1-0182:1,1-0221:1,1-0025:1,1-0871:1,1-0138:1,1-0055:1,1-0521:1,1-0415:1,1-0027:1,1-1591:1,1-0089:1,1-0044:1,1-0024:1,1-0002:1,1-1899:1,1-0077:1,1-0080:1,1-0418:1,1-0524:1,1-0090:1,1-0052:1,1-0135:1,1-0009:1,1-2426:1,1-0004:1,1-0005:1,1-0011:1,1-0165:1,2-0010:2,2-1676:1,2-0057:1,2-1867:1,2-0813:1,2-0065:1,2-0593:1,2-0235:1,2-0417:1,2-1217:1,2-0001:1,2-0737:1,2-0040:1,2-1253:1,2-0021:1,3-0025:1,3-0585:1,3-0451:1,3-0050:1
22,1-0001:16,1-0008:10,1-0192:9,1-0088:9,1-0023:8,1-0002:6,1-0047:5,1-0017:5,1-0031:5,1-0571:5,1-0019:5,1-0005:5,1-0030:4,1-0049:4,1-0208:4,1-0026:4,1-0009:4,1-0071:3,1-0978:3,1-0205:3,1-0152:3,1-0073:3,1-0221:3,1-0022:3,1-0055:3,1-0024:3,1-0045:3,1-0242:3,1-0061:3,1-0021:3,1-0011:3,1-0048:2,1-0046:2,1-0282:2,1-0331:2,1-0072:2,1-0118:2,1-0041:2,1-0887:2,1-0162:2,1-0029:2,1-0033:2,1-0091:2,1-0115:2,1-0367:2,1-0015:2,1-0039:2,1-0027:2,1-0352:2,1-0043:2,1-0065:2,1-0142:2,1-0052:2,1-0020:2,1-0130:1,1-0154:1,1-0962:1,1-2009:1,1-0038:1,1-0777:1,1-0053:1,1-1095:1,1-0869:1,1-1347:1,1-0954:1,1-0198:1,1-0784:1,1-0037:1,1-0042:1,1-1639:1,1-0018:1,1-0117:1,1-0014:1,1-0147:1,1-0107:1,1-0426:1,1-0968:1,1-0556:1,1-0114:1,1-1225:1,1-2036:1,1-0182:1,1-1104:1,1-0220:1,1-0025:1,1-0032:1,1-0862:1,1-0251:1,1-0186:1,1-0546:1,1-0569:1,1-0333:1,1-1327:1,1-0382:1,1-0988:1,1-0166:1,1-0535:1,1-1301:1,1-0175:1,1-0604:1,1-1088:1,1-0196:1,1-2347:1,1-0160:1,1-0326:1,1-0059:1,1-0080:1,1-2134:1,1-1333:1,1-0063:1,1-0370:1,1-0391:1,1-0090:1,1-0327:1,1-0800:1,1-0007:1,1-0135:1,1-0082:1,1-0379:1,1-0297:1,1-0206:1,1-0340:1,1-0060:1,1-2283:1,1-0949:1,1-0004:1,1-0301:1,2-0005:4,2-0002:4,2-0003:4,2-0263:3,2-0001:3,2-0030:2,2-0027:2,2-0004:2,2-0143:2,2-0013:2,2-1194:1,2-2086:1,2-0087:1,2-1461:1,2-0693:1,2-0562:1,2-0043:1,2-0185:1,2-0018:1,2-0247:1,2-0017:1,2-0580:1,2-2382:1,2-0022:1,2-0011:1,2-0972:1,2-2500:1,2-1169:1,2-2322:1,2-0902:1,2-1435:1,2-2635:1,2-0381:1,2-2275:1,2-0197:1,2-0254:1,3-0001:4,3-0032:1,3-0414:1
24,1-0018:15,1-0058:11,1-0001:10,1-0004:9,1-0235:8,1-0036:8,1-0013:7,1-0014:7,1-0033:7,1-0015:6,1-0019:6,1-0008:6,1-0028:5,1-0025:5,1-0027:5,1-0059:5,1-0080:5,1-0183:5,1-0051:5,1-0003:5,1-0022:4,1-0169:4,1-0065:4,1-0072:4,1-0046:3,1-0062:3,1-0017:3,1-0067:3,1-0035:3,1-0157:3,1-0044:3,1-0063:3,1-0096:3,1-0139:3,1-0209:3,1-0045:3,1-0181:3,1-0070:3,1-0007:3,1-0009:3,1-0005:3,1-0011:3,1-0122:2,1-0075:2,1-0053:2,1-0079:2,1-0031:2,1-0133:2,1-0055:2,1-0097:2,1-0165:2,1-0130:2,1-0030:2,1-0056:2,1-0136:2,1-0042:2,1-0094:2,1-0555:2,1-0325:2,1-0039:2,1-0170:2,1-0411:2,1-0024:2,1-0002:2,1-0104:2,1-0963:1,1-2368:1,1-0049:1,1-0123:1,1-0402:1,1-0223:1,1-0152:1,1-0682:1,1-1938:1,1-1355:1,1-0341:1,1-0041:1,1-0212:1,1-0095:1,1-0117:1,1-0119:1,1-0552:1,1-0313:1,1-0413:1,1-0023:1,1-0189:1,1-0481:1,1-0140:1,1-0215:1,1-0034:1,1-0361:1,1-1002:1,1-0127:1,1-0437:1,1-0043:1,1-0100:1,1-0077:1,1-0879:1,1-0495:1,1-2141:1,1-0040:1,1-0006:1,1-0206:1,1-0384:1,1-1993:1,1-2429:1,1-0020:1,1-0883:1,1-0818:1,1-0749:1,1-0108:1,1-1010:1,1-0304:1,1-0054:1,1-0134:1,1-0952:1,1-0076:1,1-0069:1,1-0012:1,1-0159:1,1-1268:1,1-0141:1,1-0912:1,1-0578:1,1-0888:1,1-0168:1,1-0388:1,1-0664:1,1-0752:1,1-0146:1,1-0557:1,1-0311:1,1-0232:1,1-0722:1,1-0010:1,1-0032:1,1-0579:1,1-2049:1,1-1594:1,1-2343:1,1-0088:1,1-0120:1,1-0061:1,1-1602:1,1-0167:1,1-0082:1,1-0262:1,1-0354:1,1-0126:1,1-0105:1,1-0470:1,1-0897:1,2-0026:4,2-0008:4,2-0010:3,2-0382:2,2-0024:2,2-0005:2,2-0007:2,2-0232:2,2-0018:2,2-0073:2,2-0358:2,2-0060:2,2-0001:2,2-0012:2,2-0009:1,2-0252:1,2-0442:1,2-0530:1,2-0451:1,2-0746:1,2-1383:1,2-1650:1,2-0006:1,2-2290:1,2-1197:1,2-1893:1,2-2413:1,2-1959:1,2-1730:1,2-2299:1,2-0002:1,2-1143:1,2-0029:1,2-1145:1,2-1410:1,2-0648:1,2-0004:1,2-0538:1,2-0067:1,2-0578:1,2-1286:1,2-0021:1,2-1555:1,2-0038:1,2-0246:1,2-0011:1,2-0662:1,2-1756:1,2-0003:1,2-0136:1,2-2196:1,2-1683:1,2-1625:1,2-1172:1,2-0593:1,2-2631:1,2-1868:1,2-0394:1,2-0102:1,2-0594:1,2-0288:1,2-0795:1,2-0141:1,2-1876:1,2-0063:1,2-2212:1,2-0333:1,2-2070:1,2-0595:1,2-0211:1,2-1701:1,2-0519:1,2-0117:1,2-2276:1,2-0013:1,2-0092:1,2-1642:1,2-1998:1,2-0924:1,2-0173:1,2-2588:1,3-0018:1,3-0408:1,3-0071:1,3-0115:1,3-0141:1,3-0007:1,3-0214:1,3-0005:1,3-0225:1,3-0307:1,3-0215:1,3-0544:1,3-0155:1,3-0104:1,3-0233:1,3-0055:1,3-0182:1
25,1-0003:14,1-0001:12,1-0007:12,1-0012:8,1-0079:6,1-0178:6,1-0006:6,1-0058:5,1-0004:5,1-0069:5,1-0013:5,1-0161:5,1-0050:5,1-0019:5,1-0347:5,1-0028:4,1-0026:4,1-0043:4,1-0059:4,1-0020:4,1-0108:4,1-0057:4,1-0072:4,1-0018:4,1-0032:4,1-0039:4,1-0015:4,1-0703:4,1-0008:4,1-0017:3,1-0067:3,1-0118:3,1-0029:3,1-0081:3,1-0077:3,1-0242:3,1-0040:3,1-0056:3,1-0109:3,1-0534:3,1-0087:3,1-0014:3,1-0010:3,1-0222:3,1-0005:3,1-0471:2,1-0122:2,1-0048:2,1-0086:2,1-0053:2,1-0544:2,1-0119:2,1-0313:2,1-0023:2,1-0025:2,1-0111:2,1-0277:2,1-0044:2,1-0065:2,1-0142:2,1-0633:2,1-0103:2,1-0047:2,1-0375:2,1-0113:2,1-0076:2,1-0042:2,1-0096:2,1-0024:2,1-0002:2,1-0135:2,1-0009:2,1-0155:2,1-0252:2,1-0011:2,1-0309:2,1-0395:1,1-0657:1,1-0046:1,1-1158:1,1-0075:1,1-2217:1,1-0123:1,1-0287:1,1-1484:1,1-0062:1,1-0214:1,1-1773:1,1-0190:1,1-1934:1,1-2103:1,1-0041:1,1-0264:1,1-0568:1,1-0129:1,1-0527:1,1-0107:1,1-0413:1,1-0194:1,1-0091:1,1-0140:1,1-0812:1,1-0157:1,1-0022:1,1-1377:1,1-0027:1,1-1086:1,1-0258:1,1-0276:1,1-1002:1,1-1003:1,1-0799:1,1-0288:1,1-0762:1,1-2411:1,1-0100:1,1-0239:1,1-1818:1,1-0204:1,1-0280:1,1-1824:1,1-0143:1,1-0294:1,1-0493:1,1-0632:1,1-0021:1,1-1983:1,1-0145:1,1-0206:1,1-0306:1,1-0171:1,1-0116:1,1-0112:1,1-1841:1,1-0030:1,1-1219:1,1-0323:1,1-0183:1,1-0134:1,1-0238:1,1-1691:1,1-0663:1,1-0246:1,1-0407:1,1-1859:1,1-1860:1,1-0911:1,1-0463:1,1-2026:1,1-1568:1,1-0085:1,1-0197:1,1-0033:1,1-0102:1,1-0292:1,1-0084:1,1-1724:1,1-0232:1,1-0153:1,1-2037:1,1-0753:1,1-0182:1,1-0201:1,1-0092:1,1-0227:1,1-2182:1,1-1275:1,1-0170:1,1-0988:1,1-0742:1,1-0549:1,1-0315:1,1-0045:1,1-1236:1,1-0210:1,1-2191:1,1-0088:1,1-0249:1,1-0448:1,1-0074:1,1-0061:1,1-0090:1,1-2360:1,1-0126:1,1-0105:1,1-1763:1,2-0012:3,2-0018:2,2-0011:2,2-0500:2,2-0015:2,2-0001:2,2-0105:2,2-1778:1,2-0201:1,2-0009:1,2-0048:1,2-1952:1,2-2286:1,2-2288:1,2-2087:1,2-0083:1,2-1591:1,2-1392:1,2-0085:1,2-2351:1,2-2600:1,2-0031:1,2-1138:1,2-1333:1,2-0193:1,2-0472:1,2-1603:1,2-0007:1,2-0043:1,2-2549:1,2-0244:1,2-0004:1,2-0040:1,2-0068:1,2-0084:1,2-1038:1,2-0206:1,2-2250:1,2-0287:1,2-0833:1,2-0715:1,2-0079:1,2-1047:1,2-1355:1,2-0240:1,2-1681:1,2-0041:1,2-1109:1,2-0026:1,2-0977:1,2-1565:1,2-1111:1,2-0543:1,2-0362:1,2-1820:1,2-1235:1,2-0086:1,2-0034:1,2-1873:1,2-0569:1,2-0091:1,2-1515:1,2-1632:1,2-1371:1,2-0042:1,2-2458:1,2-1705:1,2-0013:1,2-2147:1,2-0088:1,2-0036:1,2-1192:1,3-0017:1,3-0372:1,3-0352:1,3-0494:1,3-0452:1,3-0229:1,3-0166:1,3-0333:1,3-0463:1,3-0180:1,3-0045:1,3-0338:1
26,1-0002:6,1-0062:3,1-0013:3,1-0147:3,1-0001:3,1-0003:3,1-0065:3,1-0045:3,1-0004:3,1-0049:2,1-0038:2,1-0056:2,1-0017:2,1-0028:2,1-0087:2,1-0031:2,1-0014:2,1-0201:2,1-0010:2,1-0024:2,1-0088:2,1-0070:2,1-0009:2,1-0262:2,1-0011:2,1-0005:2,1-0008:2,1-0154:1,1-0030:1,1-0108:1,1-0163:1,1-0238:1,1-0053:1,1-0214:1,1-1702:1,1-0136:1,1-0042:1,1-0341:1,1-0018:1,1-0119:1,1-0035:1,1-0085:1,1-0029:1,1-0023:1,1-0096:1,1-0140:1,1-0215:1,1-0503:1,1-0092:1,1-0022:1,1-0546:1,1-1886:1,1-0127:1,1-0043:1,1-0143:1,1-0080:1,1-0074:1,1-0120:1,1-2275:1,1-0007:1,1-0135:1,1-0379:1,1-0020:1,2-0024:2,2-0003:2,2-0002:2,2-0001:2,2-0017:2,2-0048:1,2-0022:1,2-0011:1,2-1926:1,2-0005:1,2-0031:1,2-2566:1,2-0034:1,2-0007:1,2-0028:1,2-0185:1,2-0012:1,2-0373:1,2-0018:1,2-0013:1,2-0994:1,2-2375:1,2-0020:1,3-0001:2,3-0064:1,3-0006:1,3-0235:1,3-0600:1,3-0598:1
27,1-0001:28,1-0027:16,1-0076:12,1-0029:12,1-0092:11,1-0023:7,1-0005:7,1-0017:6,1-0013:6,1-0094:5,1-0014:5,1-0096:5,1-0034:5,1-0043:5,1-0030:4,1-0028:4,1-0031:4,1-0002:4,1-0045:4,1-0088:4,1-0295:4,1-0009:4,1-0091:3,1-0036:3,1-0065:3,1-0024:3,1-0247:3,1-0019:3,1-0007:3,1-0020:3,1-0011:3,1-0363:2,1-0208:2,1-0136:2,1-0416:2,1-0066:2,1-0139:2,1-0202:2,1-0032:2,1-0093:2,1-0233:2,1-0050:2,1-0211:2,1-0148:2,1-0585:2,1-0008:2,1-0071:1,1-0228:1,1-0108:1,1-0049:1,1-0183:1,1-0067:1,1-1292:1,1-0159:1,1-0266:1,1-0042:1,1-0759:1,1-1078:1,1-0413:1,1-0624:1,1-0216:1,1-0336:1,1-1125:1,1-0221:1,1-0051:1,1-1017:1,1-0230:1,1-2475:1,1-0089:1,1-0187:1,1-0098:1,1-0132:1,1-1979:1,1-0231:1,1-0070:1,1-0495:1,1-0340:1,1-0330:1,1-0252:1,1-0004:1,1-0321:1,2-0069:5,2-0002:4,2-0006:3,2-0001:3,2-0073:2,2-0045:2,2-0005:2,2-0104:2,2-0007:2,2-0025:2,2-0060:2,2-0372:2,2-0008:2,2-2493:1,2-0061:1,2-1749:1,2-1260:1,2-0503:1,2-0048:1,2-1863:1,2-0024:1,2-2058:1,2-0237:1,2-0003:1,2-0288:1,2-0265:1,2-0016:1,2-1935:1,2-1516:1,2-2433:1,2-0072:1,2-0093:1,2-0018:1,2-1545:1,2-0013:1,2-2000:1,3-0071:1,3-0247:1,3-0274:1,3-0001:1,3-0401:1,3-0264:1,3-0363:1
28,1-0004:24,1-0010:16,1-0003:15,1-0082:11,1-0111:9,1-0404:9,1-0040:8,1-0067:7,1-0001:7,1-0044:7,1-0102:7,1-0002:7,1-0007:7,1-0026:6,1-0025:6,1-0006:6,1-0019:6,1-0124:5,1-0017:5,1-0012:5,1-0037:5,1-0009:5,1-0125:5,1-0035:4,1-0482:4,1-0135:4,1-0048:3,1-0853:3,1-0317:3,1-0068:3,1-0073:3,1-0022:3,1-0239:3,1-0297:3,1-0353:3,1-0700:3,1-0257:3,1-0050:3,1-0364:3,1-0525:2,1-0163:2,1-0086:2,1-0118:2,1-0119:2,1-0133:2,1-0107:2,1-0029:2,1-0528:2,1-0157:2,1-0288:2,1-0445:2,1-0078:2,1-0175:2,1-1129:2,1-0517:2,1-0583:2,1-0906:2,1-0103:2,1-0116:2,1-0112:2,1-0134:2,1-0109:2,1-0407:2,1-0018:2,1-0648:2,1-0147:2,1-0085:2,1-0032:2,1-0061:2,1-0104:2,1-1026:2,1-0144:2,1-0126:2,1-0005:2,1-0008:2,1-0265:1,1-0600:1,1-0378:1,1-0075:1,1-0123:1,1-0225:1,1-0064:1,1-2220:1,1-2373:1,1-0208:1,1-0300:1,1-0177:1,1-0028:1,1-1200:1,1-0079:1,1-2377:1,1-1163:1,1-0031:1,1-0691:1,1-0173:1,1-1293:1,1-0212:1,1-0341:1,1-0568:1,1-0226:1,1-0023:1,1-0194:1,1-0091:1,1-0150:1,1-0140:1,1-0813:1,1-0213:1,1-0215:1,1-0390:1,1-0312:1,1-2242:1,1-0925:1,1-0138:1,1-0871:1,1-0169:1,1-0055:1,1-0546:1,1-1047:1,1-0034:1,1-2408:1,1-2257:1,1-0184:1,1-0043:1,1-0738:1,1-0100:1,1-0280:1,1-1980:1,1-0077:1,1-2415:1,1-0431:1,1-0148:1,1-1985:1,1-0185:1,1-0559:1,1-1537:1,1-0421:1,1-0203:1,1-0381:1,1-0137:1,1-0322:1,1-0949:1,1-0930:1,1-0020:1,1-0165:1,1-0071:1,1-1549:1,1-0047:1,1-0149:1,1-1689:1,1-0314:1,1-0238:1,1-0205:1,1-1094:1,1-0072:1,1-0310:1,1-0069:1,1-0615:1,1-0442:1,1-2159:1,1-1701:1,1-0271:1,1-0136:1,1-0087:1,1-1862:1,1-0255:1,1-0289:1,1-1178:1,1-2304:1,1-0699:1,1-0256:1,1-0263:1,1-1322:1,1-0372:1,1-0719:1,1-0139:1,1-0207:1,1-0665:1,1-1576:1,1-0232:1,1-0161:1,1-0890:1,1-1434:1,1-0329:1,1-0092:1,1-0221:1,1-0503:1,1-0051:1,1-0984:1,1-0608:1,1-0362:1,1-1067:1,1-0015:1,1-0039:1,1-0230:1,1-0626:1,1-0170:1,1-0024:1,1-1329:1,1-0151:1,1-2055:1,1-0550:1,1-0045:1,1-0412:1,1-0196:1,1-0074:1,1-0423:1,1-0120:1,1-2074:1,1-1195:1,1-0590:1,1-0754:1,1-2492:1,1-0339:1,1-0598:1,1-0354:1,1-1469:1,1-0105:1,1-0011:1,1-0918:1,1-1924:1,2-0080:9,2-0078:4,2-0145:3,2-0019:3,2-0022:2,2-0299:2,2-0550:2,2-0532:2,2-0079:2,2-0009:1,2-0365:1,2-1888:1,2-2011:1,2-0411:1,2-0002:1,2-2546:1,2-0614:1,2-1023:1,2-2033:1,2-1797:1,2-0067:1,2-0286:1,2-2047:1,2-1671:1,2-2439:1,2-0781:1,2-1678:1,2-0057:1,2-1563:1,2-0664:1,2-0037:1,2-1687:1,2-0141:1,2-1931:1,2-0063:1,2-1439:1,2-0001:1,2-0477:1,2-0103:1,2-0298:1,2-1944:1,2-0307:1,2-2586:1,2-2221:1,2-0036:1,2-1448:1,2-0169:1,2-0142:1,2-1325:1,2-0070:1,2-0692:1,2-0155:1,2-1207:1,2-0081:1,2-0027:1,2-0950:1,2-1474:1,2-0106:1,2-2614:1,2-2482:1,2-0270:1,2-0093:1,2-1098:1,2-1972:1,2-0967:1,2-1488:1,2-1754:1,2-1981:1,2-0979:1,2-0112:1,2-0182:1,2-1364:1,2-1114:1,2-2640:1,2-2517:1,2-0850:1,2-1370:1,2-0092:1,2-1775:1,2-0216:1,2-2280:1,2-1645:1,2-2281:1,3-0061:2,3-0198:1,3-0420:1,3-0566:1,3-0412:1,3-0079:1,3-0190:1,3-0316:1,3-0105:1,3-0005:1,3-0405:1,3-0140:1,3-0465:1,3-0093:1,3-0319:1
29,1-0001:7,1-0002:6,1-0086:4,1-0187:4,1-0009:4,1-0055:3,1-0056:3,1-0021:3,1-0006:3,1-0030:2,1-0032:2,1-0015:2,1-0038:2,1-0424:2,1-0028:2,1-0042:2,1-0063:2,1-0041:2,1-0018:2,1-0234:2,1-0020:2,1-0071:1,1-0092:1,1-1766:1,1-0058:1,1-0046:1,1-0039:1,1-0027:1,1-0093:1,1-0064:1,1-0437:1,1-0043:1,1-0307:1,1-0286:1,1-0068:1,1-0151:1,1-0175:1,1-2097:1,1-0012:1,1-0177:1,1-0159:1,1-0210:1,1-0136:1,1-0409:1,1-0160:1,1-0101:1,1-2069:1,1-0344:1,1-0263:1,1-0014:1,1-0035:1,1-0023:1,1-0029:1,1-0139:1,1-0004:1,1-0005:1,1-0008:1,2-0126:3,2-0076:1,2-1423:1,2-0176:1,2-0005:1,2-0159:1,2-1183:1,2-0007:1,2-2069:1,2-0075:1,2-1027:1,2-0035:1,2-1636:1,2-0456:1,2-0071:1,3-0421:1,3-0043:1
30,1-0002:13,1-0003:12,1-0019:11,1-0005:10,1-0012:8,1-0010:8,1-0037:7,1-0050:7,1-0064:6,1-0383:6,1-0008:6,1-0079:5,1-0129:5,1-0077:5,1-0015:5,1-0125:5,1-0097:4,1-0078:4,1-0295:4,1-0006:4,1-0004:4,1-0057:4,1-0036:4,1-0032:4,1-0070:4,1-0007:4,1-0123:3,1-0053:3,1-0300:3,1-0035:3,1-0213:3,1-0025:3,1-0111:3,1-0093:3,1-0089:3,1-0044:3,1-0280:3,1-0063:3,1-0071:3,1-0087:3,1-0121:3,1-0014:3,1-0061:3,1-0122:2,1-0128:2,1-0075:2,1-1241:2,1-0028:2,1-0610:2,1-0026:2,1-0041:2,1-0117:2,1-0029:2,1-0215:2,1-0545:2,1-0333:2,1-0001:2,1-0080:2,1-0052:2,1-0020:2,1-0240:2,1-0951:2,1-0113:2,1-0246:2,1-0013:2,1-0555:2,1-0388:2,1-0846:2,1-0311:2,1-0039:2,1-0410:2,1-0170:2,1-0024:2,1-0209:2,1-0247:2,1-0248:2,1-0090:2,1-0459:2,1-0011:2,1-1476:1,1-1337:1,1-0265:1,1-1927:1,1-0048:1,1-0513:1,1-0046:1,1-1344:1,1-0796:1,1-0331:1,1-0920:1,1-0225:1,1-0062:1,1-0286:1,1-1348:1,1-0563:1,1-0177:1,1-0708:1,1-2231:1,1-0131:1,1-0173:1,1-2235:1,1-2385:1,1-2109:1,1-0574:1,1-1038:1,1-1791:1,1-2111:1,1-0899:1,1-0107:1,1-0091:1,1-1649:1,1-0390:1,1-1651:1,1-0925:1,1-0217:1,1-0138:1,1-0022:1,1-0055:1,1-1518:1,1-0027:1,1-0427:1,1-0081:1,1-0277:1,1-0043:1,1-0392:1,1-0328:1,1-1389:1,1-1975:1,1-0279:1,1-0143:1,1-0542:1,1-1531:1,1-0231:1,1-0584:1,1-0145:1,1-2282:1,1-0040:1,1-0206:1,1-0322:1,1-0397:1,1-1217:1,1-0662:1,1-0284:1,1-0056:1,1-0109:1,1-0205:1,1-0859:1,1-0110:1,1-0398:1,1-0042:1,1-0886:1,1-0298:1,1-0275:1,1-0018:1,1-1717:1,1-1570:1,1-0267:1,1-0224:1,1-0139:1,1-0721:1,1-0595:1,1-0914:1,1-0092:1,1-0400:1,1-0791:1,1-0230:1,1-1890:1,1-0987:1,1-0257:1,1-0315:1,1-1330:1,1-2056:1,1-0346:1,1-0088:1,1-0338:1,1-1332:1,1-0423:1,1-2070:1,1-0418:1,1-1153:1,1-0334:1,1-1758:1,1-0670:1,1-0268:1,1-2493:1,1-1115:1,1-0262:1,1-0179:1,1-0144:1,1-2204:1,1-0105:1,1-0193:1,1-0368:1,1-1031:1,2-0011:3,2-0001:2,2-0308:2,2-0208:2,2-0015:2,2-0166:2,2-0100:1,2-0294:1,2-1264:1,2-0296:1,2-0453:1,2-1147:1,2-1909:1,2-0071:1,2-2440:1,2-0136:1,2-0125:1,2-1170:1,2-0226:1,2-0034:1,2-0095:1,2-0137:1,2-0103:1,2-1575:1,2-2465:1,2-0269:1,2-0255:1,2-1840:1,2-0087:1,2-2596:1,2-0054:1,2-0949:1,2-0082:1,2-0004:1,2-0707:1,2-0964:1,2-0718:1,2-0971:1,2-0112:1,2-2507:1,2-1113:1,2-0127:1,2-0847:1,2-1244:1,2-0012:1,2-1993:1,2-0990:1,2-0035:1,2-1525:1,2-1996:1,2-0996:1,2-0020:1,3-0418:1
32,1-0002:23,1-0044:18,1-0003:17,1-0004:15,1-0048:11,1-0033:11,1-0007:11,1-0129:9,1-0001:9,1-0018:9,1-0006:7,1-0060:7,1-0035:6,1-0012:6,1-0229:5,1-0010:5,1-0064:4,1-0034:4,1-0078:4,1-0040:4,1-0037:4,1-0032:4,1-0015:4,1-0039:4,1-0170:4,1-0011:4,1-0005:4,1-0302:3,1-0041:3,1-0025:3,1-0022:3,1-0080:3,1-0063:3,1-0052:3,1-0021:3,1-0020:3,1-0304:3,1-0406:3,1-0057:3,1-0056:3,1-0290:3,1-0024:3,1-0050:3,1-0009:3,1-0155:3,1-0105:3,1-0125:3,1-0810:2,1-0086:2,1-0073:2,1-0264:2,1-0133:2,1-0023:2,1-0157:2,1-0727:2,1-0027:2,1-0097:2,1-0239:2,1-0059:2,1-0083:2,1-0071:2,1-0483:2,1-0462:2,1-0110:2,1-0042:2,1-0087:2,1-0275:2,1-0324:2,1-0607:2,1-0296:2,1-0316:2,1-0019:2,1-0070:2,1-0193:2,1-0265:1,1-0938:1,1-0365:1,1-0444:1,1-0049:1,1-0075:1,1-0331:1,1-0123:1,1-0287:1,1-0628:1,1-0053:1,1-0402:1,1-0286:1,1-0389:1,1-0363:1,1-1771:1,1-0068:1,1-0017:1,1-0067:1,1-0028:1,1-0026:1,1-0031:1,1-0156:1,1-0619:1,1-0131:1,1-0173:1,1-0341:1,1-0095:1,1-0162:1,1-0552:1,1-0515:1,1-0150:1,1-0213:1,1-0202:1,1-0380:1,1-0999:1,1-0055:1,1-0186:1,1-0730:1,1-0043:1,1-1971:1,1-0142:1,1-0280:1,1-0143:1,1-0948:1,1-0185:1,1-1408:1,1-0397:1,1-0030:1,1-0047:1,1-0645:1,1-0054:1,1-1137:1,1-0376:1,1-0013:1,1-0801:1,1-0136:1,1-0860:1,1-2301:1,1-0699:1,1-1565:1,1-2170:1,1-0014:1,1-0733:1,1-0168:1,1-0224:1,1-0216:1,1-0084:1,1-0036:1,1-0114:1,1-0153:1,1-0221:1,1-0092:1,1-0051:1,1-1727:1,1-1586:1,1-0400:1,1-0230:1,1-0779:1,1-0537:1,1-0120:1,1-0061:1,1-0439:1,1-1756:1,1-0754:1,1-0104:1,1-0167:1,1-0250:1,1-0008:1,1-1031:1,2-0021:5,2-0057:5,2-0042:4,2-0082:3,2-0026:3,2-0110:3,2-0056:2,2-0165:2,2-0001:2,2-0354:1,2-0009:1,2-0048:1,2-0861:1,2-0150:1,2-0689:1,2-0062:1,2-1719:1,2-0070:1,2-0481:1,2-0005:1,2-1085:1,2-0574:1,2-2421:1,2-1467:1,2-0109:1,2-0002:1,2-0948:1,2-2426:1,2-2429:1,2-1904:1,2-0304:1,2-0705:1,2-0132:1,2-0418:1,2-0019:1,2-0175:1,2-0067:1,2-2244:1,2-2555:1,2-0047:1,2-0206:1,2-0615:1,2-0174:1,2-0038:1,2-1811:1,2-0240:1,2-0582:1,2-0360:1,2-0003:1,2-1763:1,2-1361:1,2-2634:1,2-0090:1,2-0622:1,2-0333:1,2-2451:1,2-0623:1,2-1310:1,2-0854:1,2-0242:1,2-0020:1,3-0457:1,3-0313:1,3-0001:1,3-0454:1,3-0325:1,3-0025:1,3-0260:1
33,1-0002:15,1-0001:11,1-0059:10,1-0019:8,1-0075:7,1-0087:7,1-0010:7,1-0025:5,1-0021:5,1-0006:5,1-0004:5,1-0039:5,1-0015:5,1-0005:5,1-0049:4,1-0053:4,1-0017:4,1-0029:4,1-0054:4,1-0061:4,1-0008:4,1-0046:3,1-0031:3,1-0066:3,1-0150:3,1-0044:3,1-0077:3,1-0614:3,1-0037:3,1-0014:3,1-0649:3,1-0003:3,1-0050:3,1-0512:3,1-0009:3,1-0105:3,1-0011:3,1-0173:2,1-0129:2,1-0217:2,1-0111:2,1-0034:2,1-0081:2,1-0277:2,1-0612:2,1-0101:2,1-0145:2,1-0020:2,1-0283:2,1-0974:2,1-0030:2,1-0113:2,1-0069:2,1-0012:2,1-0275:2,1-0956:2,1-0325:2,1-1274:2,1-0504:2,1-0151:2,1-0394:2,1-0459:2,1-0007:2,1-0167:2,1-2212:1,1-0491:1,1-1155:1,1-0654:1,1-0378:1,1-0854:1,1-0424:1,1-0062:1,1-0681:1,1-0208:1,1-0300:1,1-0026:1,1-0073:1,1-0156:1,1-0131:1,1-1943:1,1-1079:1,1-0023:1,1-0194:1,1-0760:1,1-0091:1,1-0603:1,1-0812:1,1-0312:1,1-0482:1,1-0202:1,1-0380:1,1-0729:1,1-0169:1,1-0174:1,1-0055:1,1-0569:1,1-0027:1,1-0093:1,1-0043:1,1-0233:1,1-0285:1,1-0097:1,1-0328:1,1-0175:1,1-0142:1,1-0631:1,1-0748:1,1-0188:1,1-0063:1,1-0052:1,1-0393:1,1-0461:1,1-0171:1,1-1260:1,1-1839:1,1-0112:1,1-0071:1,1-0130:1,1-0180:1,1-0406:1,1-0533:1,1-0205:1,1-0072:1,1-1265:1,1-0442:1,1-0013:1,1-0398:1,1-0042:1,1-0255:1,1-0289:1,1-0468:1,1-0447:1,1-0018:1,1-0617:1,1-0263:1,1-1428:1,1-0161:1,1-0092:1,1-0051:1,1-0032:1,1-1729:1,1-0400:1,1-0450:1,1-2043:1,1-0170:1,1-0024:1,1-0257:1,1-0158:1,1-0209:1,1-0210:1,1-0640:1,1-0370:1,1-0090:1,1-0369:1,1-0347:1,1-0070:1,1-0744:1,1-1029:1,1-0082:1,1-0490:1,1-1196:1,1-0343:1,1-0125:1,1-1117:1,2-0003:4,2-0002:3,2-0004:3,2-0011:3,2-0009:2,2-0015:2,2-0039:2,2-0685:1,2-2009:1,2-1075:1,2-0006:1,2-2015:1,2-0062:1,2-0005:1,2-1727:1,2-0494:1,2-0348:1,2-2035:1,2-0106:1,2-1740:1,2-0040:1,2-2109:1,2-0047:1,2-1549:1,2-0057:1,2-0337:1,2-0023:1,2-1052:1,2-1760:1,2-2131:1,2-0196:1,2-2323:1,2-1505:1,2-2265:1,2-0220:1,2-1986:1,2-0203:1,2-0090:1,2-1766:1,2-1693:1,2-0001:1,2-0131:1,2-0607:1,2-0172:1,2-0035:1,2-1943:1,2-0166:1,2-0111:1,2-2001:1,2-2461:1,2-2003:1,3-0001:3,3-0536:1,3-0103:1,3-0268:1,3-0473:1,3-0095:1
34,1-0005:12,1-0001:8,1-0058:6,1-0043:6,1-0020:6,1-0011:6,1-0008:6,1-0048:5,1-0024:5,1-0042:4,1-0010:4,1-0030:3,1-0046:3,1-0038:3,1-0031:3,1-0202:3,1-0039:3,1-0002:3,1-0088:3,1-0019:3,1-0009:3,1-0304:2,1-0049:2,1-0054:2,1-0017:2,1-0681:2,1-0013:2,1-0026:2,1-1141:2,1-0066:2,1-0758:2,1-0740:2,1-0636:2,1-0035:2,1-0575:2,1-0029:2,1-0197:2,1-0091:2,1-0022:2,1-0027:2,1-0338:2,1-0063:2,1-0061:2,1-0993:2,1-0148:2,1-0007:2,1-0040:2,1-0082:2,1-0126:2,1-0519:2,1-0004:2,1-0494:1,1-0525:1,1-0831:1,1-0821:1,1-1198:1,1-0163:1,1-1552:1,1-0456:1,1-0408:1,1-0241:1,1-0287:1,1-0053:1,1-0205:1,1-0056:1,1-0072:1,1-0068:1,1-0784:1,1-0037:1,1-0087:1,1-0173:1,1-0094:1,1-0041:1,1-1268:1,1-0018:1,1-1790:1,1-0099:1,1-0014:1,1-0527:1,1-0023:1,1-0033:1,1-0824:1,1-0146:1,1-0481:1,1-0140:1,1-0311:1,1-0235:1,1-0036:1,1-0503:1,1-0201:1,1-0051:1,1-0055:1,1-1298:1,1-0015:1,1-0081:1,1-0093:1,1-0804:1,1-0799:1,1-0903:1,1-1189:1,1-2342:1,1-0210:1,1-0394:1,1-1904:1,1-0080:1,1-0345:1,1-0281:1,1-0222:1,1-0191:1,1-1053:1,1-0167:1,1-0006:1,1-0179:1,1-0060:1,1-0252:1,1-2146:1,1-0165:1,2-0001:5,2-0009:3,2-0005:3,2-0004:3,2-0219:2,2-0003:2,2-0363:2,2-2409:1,2-0065:1,2-1655:1,2-0118:1,2-1659:1,2-1962:1,2-0575:1,2-0355:1,2-2360:1,2-0002:1,2-0019:1,2-1969:1,2-0498:1,2-2110:1,2-2489:1,2-1806:1,2-1672:1,2-0321:1,2-0011:1,2-2321:1,2-0182:1,2-0846:1,2-1695:1,2-0012:1,2-0035:1,2-1580:1,2-0036:1,3-0001:1,3-0533:1,3-0011:1,3-0085:1,3-0489:1,3-0293:1,3-0290:1,3-0152:1
35,1-0001:6,1-0003:6,1-0091:5,1-0060:5,1-0012:5,1-0010:5,1-0131:4,1-0004:4,1-0134:4,1-0037:4,1-0015:4,1-0002:4,1-0128:3,1-0038:3,1-0023:3,1-0027:3,1-0421:3,1-0013:3,1-0087:3,1-0298:3,1-0018:3,1-0161:3,1-0050:3,1-0007:3,1-0241:2,1-0053:2,1-0402:2,1-0067:2,1-0026:2,1-0073:2,1-0173:2,1-0095:2,1-0029:2,1-0202:2,1-0220:2,1-0111:2,1-0138:2,1-0055:2,1-0685:2,1-0093:2,1-0127:2,1-0044:2,1-0097:2,1-0143:2,1-0063:2,1-0006:2,1-0171:2,1-0165:2,1-0112:2,1-0113:2,1-0269:2,1-0110:2,1-0042:2,1-0121:2,1-0253:2,1-0014:2,1-0485:2,1-0251:2,1-0151:2,1-0209:2,1-0088:2,1-0160:2,1-0061:2,1-0588:2,1-0135:2,1-0009:2,1-0011:2,1-0008:2,1-0154:1,1-0831:1,1-0075:1,1-2375:1,1-1488:1,1-0922:1,1-0425:1,1-0031:1,1-0041:1,1-0264:1,1-1357:1,1-0066:1,1-0551:1,1-0759:1,1-0344:1,1-0129:1,1-0194:1,1-1373:1,1-0945:1,1-0217:1,1-0178:1,1-0025:1,1-1378:1,1-0169:1,1-0355:1,1-0089:1,1-0100:1,1-0132:1,1-1667:1,1-1977:1,1-0077:1,1-0294:1,1-0318:1,1-0432:1,1-0052:1,1-0694:1,1-0021:1,1-0293:1,1-0137:1,1-2428:1,1-0397:1,1-0071:1,1-0030:1,1-0323:1,1-0422:1,1-0054:1,1-0908:1,1-0698:1,1-1716:1,1-0299:1,1-0935:1,1-1322:1,1-0719:1,1-1721:1,1-2465:1,1-0665:1,1-0720:1,1-0232:1,1-0115:1,1-1884:1,1-0032:1,1-0296:1,1-0039:1,1-1588:1,1-0230:1,1-1231:1,1-1233:1,1-0316:1,1-0892:1,1-2353:1,1-1908:1,1-0371:1,1-0334:1,1-0019:1,1-0369:1,1-0383:1,1-0070:1,1-0155:1,1-0558:1,1-0105:1,1-0125:1,2-0199:2,2-0213:2,2-0279:2,2-0011:2,2-0034:2,2-0235:2,2-0015:2,2-1646:1,2-0061:1,2-2525:1,2-0009:1,2-0100:1,2-0252:1,2-0547:1,2-1787:1,2-1016:1,2-0005:1,2-0340:1,2-1657:1,2-2356:1,2-0066:1,2-0325:1,2-0417:1,2-2427:1,2-0027:1,2-1149:1,2-2367:1,2-0276:1,2-1228:1,2-0888:1,2-0021:1,2-0895:1,2-1352:1,2-1232:1,2-0566:1,2-1503:1,2-2445:1,2-0063:1,2-2637:1,2-1769:1,2-1990:1,2-0624:1,2-1120:1,2-1639:1,2-1833:1,2-1835:1,2-0092:1,2-0020:1,2-0282:1,3-0012:2,3-0460:1,3-0005:1,3-0403:1,3-0065:1,3-0496:1,3-0050:1,3-0196:1,3-0154:1
36,1-0002:25,1-0023:8,1-0033:6,1-0005:5,1-0041:4,1-0014:4,1-0015:4,1-0004:4,1-0109:3,1-0073:3,1-0031:3,1-0020:3,1-0008:3,1-0046:2,1-0068:2,1-0017:2,1-0067:2,1-0013:2,1-0026:2,1-1223:2,1-0178:2,1-0034:2,1-0043:2,1-0063:2,1-0120:2,1-0327:2,1-0019:2,1-0585:2,1-1007:2,1-0265:1,1-0820:1,1-0049:1,1-0314:1,1-0086:1,1-0123:1,1-0064:1,1-0053:1,1-0069:1,1-1318:1,1-0028:1,1-0156:1,1-1787:1,1-0066:1,1-0095:1,1-0592:1,1-0216:1,1-0380:1,1-0032:1,1-0472:1,1-2404:1,1-0352:1,1-0132:1,1-0050:1,1-0576:1,1-0088:1,1-1909:1,1-0559:1,1-0060:1,1-0105:1,1-0193:1,1-0586:1,2-0027:3,2-0006:2,2-0002:2,2-0004:2,2-0058:1,2-1653:1,2-0003:1,2-2094:1,2-0007:1,2-2031:1,2-0328:1,2-0335:1,2-0418:1,2-0019:1,2-0276:1,2-0186:1,2-1743:1,2-0096:1,3-0001:1
37,1-0013:8,1-0035:8,1-0001:8,1-0014:5,1-0036:5,1-0022:5,1-0063:5,1-0006:5,1-0048:4,1-0054:4,1-0091:4,1-0051:4,1-0010:4,1-0025:4,1-0536:4,1-0009:4,1-0047:3,1-0018:3,1-0032:3,1-0093:3,1-0003:3,1-0002:3,1-0060:3,1-0071:2,1-0046:2,1-0075:2,1-0069:2,1-0067:2,1-0037:2,1-0275:2,1-0041:2,1-0768:2,1-0168:2,1-0107:2,1-0140:2,1-0290:2,1-0058:2,1-0804:2,1-0158:2,1-0078:2,1-0101:2,1-0061:2,1-0360:2,1-0005:2,1-0525:1,1-0228:1,1-0030:1,1-0122:1,1-2008:1,1-0163:1,1-0331:1,1-0123:1,1-0057:1,1-0064:1,1-0062:1,1-0284:1,1-0056:1,1-0072:1,1-0068:1,1-0544:1,1-0152:1,1-2018:1,1-0910:1,1-2298:1,1-1490:1,1-0042:1,1-0518:1,1-0131:1,1-0387:1,1-0173:1,1-0066:1,1-0551:1,1-0099:1,1-1945:1,1-0267:1,1-0085:1,1-0023:1,1-1571:1,1-0029:1,1-0033:1,1-1041:1,1-1875:1,1-0084:1,1-0213:1,1-0565:1,1-0677:1,1-0367:1,1-0055:1,1-0400:1,1-0015:1,1-0039:1,1-0034:1,1-0027:1,1-0230:1,1-0081:1,1-0428:1,1-0044:1,1-0778:1,1-0024:1,1-0927:1,1-0315:1,1-0209:1,1-0142:1,1-0779:1,1-0394:1,1-0188:1,1-0143:1,1-0505:1,1-0334:1,1-1286:1,1-0613:1,1-0181:1,1-0040:1,1-0206:1,1-0474:1,1-0704:1,1-0137:1,1-2202:1,1-0330:1,1-0020:1,1-0011:1,1-0732:1,1-0125:1,1-0321:1,1-0008:1,1-0195:1,2-0010:4,2-0008:3,2-0490:2,2-0545:2,2-0243:1,2-0046:1,2-1076:1,2-2160:1,2-0006:1,2-0062:1,2-0087:1,2-1900:1,2-0139:1,2-1598:1,2-2472:1,2-1090:1,2-0147:1,2-0170:1,2-2171:1,2-0313:1,2-2172:1,2-2612:1,2-0770:1,2-0194:1,2-0004:1,2-0023:1,2-0974:1,2-0360:1,2-0041:1,2-0393:1,2-1175:1,2-0189:1,2-0095:1,2-0121:1,2-0001:1,2-1440:1,2-1829:1,2-0212:1,2-0303:1,2-0609:1,3-0461:1,3-0516:1,3-0008:1,3-0374:1,3-0416:1
38,1-0001:14,1-0030:10,1-0002:9,1-0029:7,1-0044:7,1-0231:7,1-0011:7,1-0005:6,1-0018:5,1-0015:5,1-0077:5,1-0017:4,1-0051:4,1-0034:4,1-0003:4,1-0233:4,1-0053:3,1-0767:3,1-0012:3,1-0110:3,1-0087:3,1-0463:3,1-0085:3,1-0010:3,1-0032:3,1-0050:3,1-0009:3,1-0006:3,1-0020:3,1-0047:2,1-0062:2,1-0072:2,1-0478:2,1-0013:2,1-0610:2,1-0042:2,1-0031:2,1-0121:2,1-0025:2,1-0022:2,1-0367:2,1-0174:2,1-0024:2,1-0257:2,1-1210:2,1-0101:2,1-0040:2,1-0259:2,1-0116:2,1-0008:2,1-0950:1,1-0228:1,1-0657:1,1-0049:1,1-0123:1,1-0038:1,1-0064:1,1-0056:1,1-0420:1,1-1625:1,1-0067:1,1-0136:1,1-0886:1,1-0026:1,1-0982:1,1-0173:1,1-0041:1,1-0555:1,1-0168:1,1-0033:1,1-0760:1,1-0091:1,1-0139:1,1-0556:1,1-0140:1,1-0213:1,1-0215:1,1-0621:1,1-0486:1,1-0380:1,1-0901:1,1-0217:1,1-0847:1,1-0985:1,1-1584:1,1-0251:1,1-0039:1,1-0333:1,1-0081:1,1-0093:1,1-0277:1,1-0650:1,1-0799:1,1-0043:1,1-0078:1,1-0132:1,1-1823:1,1-0576:1,1-0143:1,1-0640:1,1-0063:1,1-0083:1,1-0070:1,1-0145:1,1-0509:1,1-0745:1,1-0082:1,1-0322:1,1-0105:1,1-2287:1,1-0678:1,1-0301:1,2-0072:5,2-0002:2,2-0001:2,2-0414:1,2-0269:1,2-0006:1,2-0222:1,2-2161:1,2-0005:1,2-2539:1,2-1600:1,2-0099:1,2-2105:1,2-1414:1,2-0439:1,2-2049:1,2-0784:1,2-0167:1,2-2623:1,2-0003:1,2-0026:1,2-1110:1,2-0086:1,2-2514:1,2-1369:1,2-0504:1,2-1704:1,2-0152:1,3-0001:1,3-0231:1,3-0062:1
39,1-0002:26,1-0003:15,1-0004:11,1-0001:10,1-0010:10,1-0039:9,1-0044:8,1-0066:7,1-0052:7,1-0022:6,1-0021:6,1-0020:6,1-0310:6,1-0008:6,1-0078:5,1-0006:5,1-0012:5,1-0033:5,1-0209:5,1-0011:5,1-0049:4,1-0156:4,1-0186:4,1-0059:4,1-0197:4,1-0007:4,1-0005:4,1-0075:3,1-0017:3,1-0025:3,1-0043:3,1-0080:3,1-0584:3,1-0072:3,1-0050:3,1-0074:3,1-0019:3,1-1289:2,1-0048:2,1-1034:2,1-0038:2,1-0152:2,1-0341:2,1-0119:2,1-0133:2,1-0107:2,1-0189:2,1-0111:2,1-0174:2,1-0473:2,1-0233:2,1-0132:2,1-1051:2,1-0381:2,1-0071:2,1-0030:2,1-0113:2,1-0109:2,1-0014:2,1-0115:2,1-0032:2,1-0466:2,1-0061:2,1-1335:2,1-0590:2,1-0688:2,1-0125:2,1-0467:2,1-0154:1,1-0599:1,1-0746:1,1-0282:1,1-0123:1,1-0424:1,1-0707:1,1-0053:1,1-0062:1,1-0420:1,1-0068:1,1-0067:1,1-1244:1,1-0026:1,1-0366:1,1-0709:1,1-0117:1,1-0162:1,1-0129:1,1-0035:1,1-0968:1,1-1795:1,1-0150:1,1-0629:1,1-0138:1,1-0333:1,1-0027:1,1-0089:1,1-0531:1,1-0642:1,1-0097:1,1-0328:1,1-0142:1,1-1305:1,1-0947:1,1-0632:1,1-0148:1,1-0191:1,1-1536:1,1-1255:1,1-0498:1,1-0283:1,1-0112:1,1-0047:1,1-1551:1,1-0291:1,1-0977:1,1-0037:1,1-0275:1,1-0484:1,1-0256:1,1-0263:1,1-1271:1,1-0319:1,1-0243:1,1-1720:1,1-0353:1,1-0557:1,1-1146:1,1-0216:1,1-0292:1,1-0889:1,1-0655:1,1-0114:1,1-0036:1,1-0153:1,1-0161:1,1-0218:1,1-2034:1,1-0051:1,1-1104:1,1-0227:1,1-1185:1,1-1228:1,1-0296:1,1-1730:1,1-2046:1,1-1018:1,1-0561:1,1-0187:1,1-0989:1,1-0535:1,1-0151:1,1-1235:1,1-0210:1,1-1238:1,1-0357:1,1-0687:1,1-0281:1,1-0090:1,1-0261:1,1-0181:1,1-2358:1,1-0167:1,1-0268:1,1-0009:1,1-0354:1,1-0155:1,1-0330:1,1-2206:1,1-0195:1,2-0009:6,2-0021:4,2-0177:3,2-0136:2,2-0015:2,2-0020:2,2-2156:1,2-1890:1,2-0053:1,2-0122:1,2-0113:1,2-0071:1,2-1281:1,2-0047:1,2-0011:1,2-0297:1,2-2060:1,2-0663:1,2-1427:1,2-1178:1,2-2206:1,2-0091:1,2-0120:1,2-2215:1,2-2217:1,2-2580:1,2-1312:1,2-0679:1,2-1584:1,2-1322:1,2-0930:1,2-0208:1,2-0135:1,2-1332:1,2-0054:1,2-1091:1,2-0951:1,2-0149:1,2-1231:1,2-2254:1,2-2255:1,2-0361:1,2-2629:1,2-2503:1,2-0223:1,2-2509:1,2-0989:1,2-0844:1,2-1247:1,2-1635:1,2-0519:1,2-0096:1,3-0339:1,3-0484:1,3-0512:1,3-0335:1,3-0099:1,3-0249:1
40,1-0001:29,1-0013:17,1-0018:17,1-0033:13,1-0006:12,1-0015:12,1-0014:11,1-0056:10,1-0036:10,1-0053:9,1-0029:8,1-0020:8,1-0007:8,1-0027:7,1-0034:5,1-0084:5,1-0061:5,1-0017:4,1-0031:4,1-0023:4,1-0058:4,1-0043:4,1-0040:4,1-0047:4,1-0012:4,1-0010:4,1-0039:4,1-0002:4,1-0122:3,1-0062:3,1-0035:3,1-0593:3,1-0098:3,1-0142:3,1-0042:3,1-0121:3,1-0115:3,1-0051:3,1-0009:3,1-0658:2,1-0123:2,1-0073:2,1-0133:2,1-0025:2,1-0022:2,1-0055:2,1-0071:2,1-0134:2,1-1092:2,1-0072:2,1-0069:2,1-1143:2,1-0102:2,1-0221:2,1-0003:2,1-0961:2,1-0008:2,1-0154:1,1-0599:1,1-0049:1,1-0241:1,1-0064:1,1-1035:1,1-0452:1,1-0067:1,1-0784:1,1-0190:1,1-1775:1,1-0028:1,1-0520:1,1-2234:1,1-1123:1,1-1039:1,1-0332:1,1-0553:1,1-0091:1,1-0157:1,1-0554:1,1-1082:1,1-0492:1,1-0728:1,1-2400:1,1-0220:1,1-0174:1,1-1809:1,1-0276:1,1-0258:1,1-0081:1,1-0352:1,1-0089:1,1-0127:1,1-0097:1,1-0078:1,1-0175:1,1-0604:1,1-0532:1,1-0294:1,1-0493:1,1-1213:1,1-0674:1,1-0021:1,1-0191:1,1-0185:1,1-0414:1,1-2424:1,1-0137:1,1-0004:1,1-0116:1,1-0030:1,1-0304:1,1-0149:1,1-0422:1,1-1137:1,1-2012:1,1-0291:1,1-0533:1,1-0442:1,1-2450:1,1-0159:1,1-0416:1,1-0468:1,1-0256:1,1-1715:1,1-0377:1,1-0649:1,1-0913:1,1-2175:1,1-0372:1,1-0085:1,1-0216:1,1-0638:1,1-0232:1,1-1433:1,1-0848:1,1-0032:1,1-2185:1,1-0986:1,1-2048:1,1-0170:1,1-1329:1,1-0024:1,1-0320:1,1-0050:1,1-1280:1,1-0765:1,1-0211:1,1-0196:1,1-0357:1,1-0248:1,1-0326:1,1-0536:1,1-0448:1,1-1598:1,1-0418:1,1-0589:1,1-0340:1,1-0252:1,1-1761:1,1-0011:1,1-0005:1,1-1475:1,2-0008:10,2-0011:8,2-0026:5,2-0006:4,2-0002:4,2-0009:2,2-0285:2,2-0012:2,2-2151:1,2-0747:1,2-1533:1,2-1326:1,2-2227:1,2-1078:1,2-0070:1,2-1014:1,2-0128:1,2-0005:1,2-0697:1,2-0030:1,2-2358:1,2-1602:1,2-0007:1,2-1093:1,2-0027:1,2-1664:1,2-1094:1,2-0130:1,2-1148:1,2-1476:1,2-1155:1,2-0656:1,2-0010:1,2-2315:1,2-1353:1,2-0003:1,2-0203:1,2-0395:1,2-2576:1,2-0063:1,2-0001:1,2-2522:1,2-0092:1,2-0407:1,2-0242:1,2-1712:1,3-0001:1,3-0434:1,3-0005:1,3-0358:1
43,1-0002:4,1-0067:3,1-0013:3,1-0026:3,1-0018:3,1-0023:3,1-0058:3,1-0001:3,1-0020:3,1-0038:2,1-0042:2,1-0014:2,1-0051:2,1-0025:2,1-0015:2,1-0027:2,1-0024:2,1-0132:2,1-0006:2,1-0005:2,1-0011:2,1-0008:2,1-0130:1,1-0030:1,1-0128:1,1-0046:1,1-0134:1,1-0424:1,1-0056:1,1-0068:1,1-0012:1,1-0037:1,1-0087:1,1-0121:1,1-0417:1,1-0066:1,1-0095:1,1-0377:1,1-0168:1,1-0091:1,1-0055:1,1-0039:1,1-0034:1,1-1964:1,1-0277:1,1-0127:1,1-0089:1,1-0043:1,1-0003:1,1-0516:1,1-0326:1,1-0059:1,1-0061:1,1-0083:1,1-0019:1,1-0052:1,1-0104:1,1-0181:1,1-0070:1,1-0040:1,1-0155:1,1-0165:1,2-0010:2,2-0001:2,2-0061:1,2-0179:1,2-0006:1,2-0005:1,2-0030:1,2-0029:1,2-0012:1,2-0004:1,2-0488:1,2-0316:1
44,1-0015:7,1-0001:7,1-0013:5,1-0008:5,1-0047:4,1-0023:4,1-0036:4,1-0060:4,1-0020:4,1-0041:3,1-0014:3,1-0033:3,1-0027:3,1-0043:3,1-0002:3,1-0063:3,1-0122:2,1-0046:2,1-0028:2,1-0042:2,1-0024:2,1-0070:2,1-0005:2,1-0011:2,1-0282:1,1-0049:1,1-0163:1,1-0123:1,1-0038:1,1-0053:1,1-0317:1,1-0017:1,1-0635:1,1-0031:1,1-0387:1,1-0066:1,1-0243:1,1-0157:1,1-0202:1,1-0022:1,1-0058:1,1-0039:1,1-0641:1,1-0089:1,1-0166:1,1-1522:1,1-0160:1,1-0338:1,1-0583:1,1-0019:1,1-0052:1,1-0007:1,1-0203:1,1-0206:1,1-0137:1,1-0004:1,1-0116:1,2-0008:4,2-0007:2,2-0001:2,2-0004:2,2-0011:1,2-0183:1,2-0003:1,2-1134:1,2-2098:1,2-0595:1,2-2483:1,2-0311:1,2-0282:1,2-0857:1,2-0374:1,3-0014:1,3-0020:1
45,1-0088:8,1-0041:4,1-0001:4,1-0016:4,1-0045:3,1-0021:3,1-0070:3,1-0028:2,1-0159:2,1-0042:2,1-0106:2,1-0066:2,1-0036:2,1-0022:2,1-0039:2,1-0034:2,1-0228:1,1-0030:1,1-0108:1,1-0046:1,1-0049:1,1-0054:1,1-0679:1,1-1845:1,1-0053:1,1-0376:1,1-0214:1,1-0017:1,1-0237:1,1-0208:1,1-0013:1,1-0289:1,1-0256:1,1-0014:1,1-0388:1,1-0224:1,1-0114:1,1-0202:1,1-0115:1,1-0218:1,1-0455:1,1-0010:1,1-0608:1,1-1186:1,1-0772:1,1-1166:1,1-0093:1,1-0003:1,1-0024:1,1-0063:1,1-0061:1,1-0418:1,1-0083:1,1-0090:1,1-0007:1,1-1132:1,1-0167:1,1-0020:1,1-0011:1,1-1545:1,1-0165:1,1-0008:1,2-0009:1,2-2188:1,2-0658:1,2-2121:1,2-0024:1,2-1163:1,2-1814:1,2-1077:1,2-0003:1,2-0204:1,2-1053:1,2-2020:1,2-2353:1,2-0031:1,2-0984:1,2-0007:1,2-2397:1,2-0137:1,2-1118:1,2-0001:1,2-0004:1,2-0008:1,3-0239:1
46,1-0016:10,1-0010:8,1-0003:8,1-0004:7,1-0005:7,1-0001:6,1-0019:6,1-0009:5,1-0011:5,1-0028:4,1-0014:4,1-0007:4,1-0038:3,1-0067:3,1-0041:3,1-0018:3,1-0029:3,1-0055:3,1-0043:3,1-0024:3,1-0045:3,1-0020:3,1-0046:2,1-0149:2,1-0049:2,1-0163:2,1-0057:2,1-0017:2,1-0012:2,1-0172:2,1-0031:2,1-0035:2,1-0194:2,1-0157:2,1-0022:2,1-0027:2,1-0093:2,1-0187:2,1-0160:2,1-0059:2,1-0063:2,1-0008:2,1-0047:1,1-1550:1,1-0180:1,1-0356:1,1-0075:1,1-0854:1,1-0062:1,1-1120:1,1-0725:1,1-0136:1,1-0042:1,1-0026:1,1-1493:1,1-0131:1,1-0616:1,1-1868:1,1-0066:1,1-2025:1,1-1039:1,1-0226:1,1-0129:1,1-0313:1,1-0085:1,1-0023:1,1-0150:1,1-0216:1,1-2326:1,1-0114:1,1-0115:1,1-0153:1,1-0051:1,1-2334:1,1-0032:1,1-0169:1,1-0244:1,1-0926:1,1-0044:1,1-2410:1,1-0132:1,1-0971:1,1-0875:1,1-1981:1,1-0077:1,1-0537:1,1-0200:1,1-0061:1,1-2485:1,1-0083:1,1-2140:1,1-0155:1,1-1989:1,1-0322:1,1-0457:1,1-0306:1,1-1409:1,1-0116:1,2-0007:3,2-0001:3,2-0014:3,2-0345:2,2-0003:2,2-0182:2,2-0002:2,2-0004:2,2-0020:2,2-0479:1,2-0588:1,2-0442:1,2-0359:1,2-2407:1,2-2055:1,2-0183:1,2-0840:1,2-0032:1,2-2536:1,2-2352:1,2-0220:1,2-0386:1,2-0730:1,2-0091:1,2-0035:1,2-0884:1,2-0673:1,2-0917:1,2-0245:1,2-0096:1,2-0166:1,2-0163:1,2-0320:1,2-2082:1,2-1193:1,2-0021:1,3-0001:2,3-0014:1,3-0435:1,3-0539:1,3-0390:1,3-0504:1
47,1-0001:8,1-0003:8,1-0009:5,1-0006:5,1-0041:4,1-0051:4,1-0034:4,1-0042:3,1-0014:3,1-0055:3,1-0007:3,1-0040:3,1-0038:2,1-0057:2,1-0067:2,1-0026:2,1-0106:2,1-0834:2,1-0066:2,1-0035:2,1-0029:2,1-0454:2,1-0010:2,1-0022:2,1-0541:2,1-0164:2,1-0045:2,1-0101:2,1-0120:2,1-0083:2,1-0016:2,1-0019:2,1-0004:2,1-0171:2,1-0130:1,1-0047:1,1-0149:1,1-0054:1,1-0113:1,1-2439:1,1-0123:1,1-0287:1,1-0064:1,1-0062:1,1-0246:1,1-0198:1,1-0190:1,1-0028:1,1-0979:1,1-0079:1,1-0037:1,1-0087:1,1-0121:1,1-0468:1,1-0226:1,1-0943:1,1-0085:1,1-0267:1,1-0102:1,1-0140:1,1-0084:1,1-0157:1,1-0232:1,1-0290:1,1-0729:1,1-0771:1,1-0111:1,1-0025:1,1-0296:1,1-0058:1,1-0027:1,1-0443:1,1-0044:1,1-0043:1,1-0438:1,1-0024:1,1-0098:1,1-0050:1,1-0160:1,1-0272:1,1-0524:1,1-0090:1,1-0052:1,1-0191:1,1-0815:1,1-1090:1,1-0082:1,1-1257:1,1-0259:1,1-0137:1,1-0105:1,1-0360:1,1-1215:1,1-0020:1,1-0011:1,1-0005:1,1-0008:1,2-0010:2,2-0028:2,2-0014:2,2-2310:1,2-0058:1,2-0181:1,2-0931:1,2-0041:1,2-0228:1,2-0463:1,2-1871:1,2-2027:1,2-0007:1,2-0063:1,2-0015:1,2-0001:1,2-1697:1,2-2073:1,2-0082:1,2-1910:1,2-0092:1,2-1777:1,3-0003:2,3-0005:1,3-0031:1,3-0422:1
48,1-0001:12,1-0056:11,1-0152:9,1-0003:8,1-0016:7,1-0041:6,1-0034:6,1-0127:6,1-0007:6,1-0028:5,1-0032:5,1-0009:5,1-0004:5,1-0017:4,1-0029:4,1-0011:4,1-0049:3,1-0037:3,1-0042:3,1-0212:3,1-0022:3,1-0050:3,1-0280:3,1-0143:3,1-0155:3,1-0105:3,1-0020:3,1-0047:2,1-0149:2,1-0075:2,1-0053:2,1-0072:2,1-0208:2,1-0067:2,1-0012:2,1-0079:2,1-0087:2,1-0031:2,1-0417:2,1-0141:2,1-0018:2,1-0324:2,1-0162:2,1-0168:2,1-0085:2,1-0036:2,1-0161:2,1-0983:2,1-0092:2,1-0025:2,1-0055:2,1-0027:2,1-0043:2,1-0024:2,1-0158:2,1-0508:2,1-0188:2,1-0059:2,1-0652:2,1-0083:2,1-0019:2,1-0104:2,1-0040:2,1-0006:2,1-0005:2,1-0008:2,1-0852:1,1-0108:1,1-0483:1,1-0054:1,1-0086:1,1-0038:1,1-0419:1,1-0867:1,1-0062:1,1-0389:1,1-1932:1,1-0420:1,1-0068:1,1-0462:1,1-0407:1,1-0300:1,1-0256:1,1-0095:1,1-0823:1,1-0119:1,1-0117:1,1-0014:1,1-0226:1,1-0129:1,1-0243:1,1-0035:1,1-0107:1,1-0033:1,1-0620:1,1-0189:1,1-0207:1,1-0944:1,1-1874:1,1-0157:1,1-1577:1,1-0312:1,1-0153:1,1-0901:1,1-0254:1,1-0051:1,1-0010:1,1-0382:1,1-0401:1,1-0437:1,1-0548:1,1-0257:1,1-0738:1,1-0078:1,1-0209:1,1-0328:1,1-0045:1,1-0204:1,1-0532:1,1-0247:1,1-0537:1,1-0063:1,1-0061:1,1-1754:1,1-0334:1,1-1461:1,1-0052:1,1-0250:1,1-0259:1,1-2361:1,1-0252:1,1-1311:1,1-0125:1,2-0003:3,2-0002:2,2-0094:2,2-0331:2,2-0023:2,2-0001:2,2-0630:1,2-0183:1,2-0596:1,2-0139:1,2-0946:1,2-0054:1,2-0007:1,2-0444:1,2-0106:1,2-1279:1,2-1030:1,2-0180:1,2-1097:1,2-1342:1,2-1858:1,2-0247:1,2-2379:1,2-0079:1,2-1421:1,2-1350:1,2-0513:1,2-1561:1,2-0978:1,2-0594:1,2-1881:1,2-0013:1,2-1640:1,2-2278:1,2-0162:1,2-0036:1,2-1071:1,3-0001:2,3-0014:1,3-0359:1,3-0399:1,3-0346:1,3-0271:1
49,1-0016:16,1-0001:11,1-0019:8,1-0004:6,1-0011:6,1-0375:5,1-0479:5,1-0023:5,1-0005:5,1-0112:4,1-0009:4,1-0060:4,1-0020:4,1-0071:3,1-0180:3,1-0053:3,1-0017:3,1-0012:3,1-0028:3,1-0042:3,1-0156:3,1-0029:3,1-0032:3,1-0090:3,1-0007:3,1-0155:3,1-0130:2,1-0260:2,1-0108:2,1-0038:2,1-0068:2,1-0067:2,1-0172:2,1-0199:2,1-0117:2,1-0480:2,1-0014:2,1-0085:2,1-0102:2,1-0700:2,1-0051:2,1-0010:2,1-0403:2,1-0003:2,1-0045:2,1-0132:2,1-0234:2,1-0354:2,1-0126:2,1-0122:1,1-0046:1,1-0645:1,1-0715:1,1-0777:1,1-1848:1,1-0284:1,1-0062:1,1-0056:1,1-0246:1,1-0198:1,1-0013:1,1-0460:1,1-0037:1,1-0271:1,1-1320:1,1-0026:1,1-0087:1,1-1562:1,1-1782:1,1-0802:1,1-0173:1,1-0212:1,1-0066:1,1-1496:1,1-1202:1,1-0119:1,1-0683:1,1-0958:1,1-0325:1,1-1365:1,1-0107:1,1-0664:1,1-0150:1,1-1955:1,1-0216:1,1-1082:1,1-0025:1,1-0244:1,1-1046:1,1-1516:1,1-0039:1,1-0427:1,1-0701:1,1-2052:1,1-0024:1,1-0548:1,1-0549:1,1-1278:1,1-0097:1,1-0050:1,1-0280:1,1-0316:1,1-0080:1,1-0074:1,1-1529:1,1-2192:1,1-0063:1,1-0937:1,1-0061:1,1-0281:1,1-0652:1,1-2488:1,1-0021:1,1-0052:1,1-0559:1,1-0006:1,1-1257:1,1-0137:1,1-0457:1,1-0461:1,1-0105:1,1-0125:1,1-0397:1,1-0008:1,1-0601:1,1-1073:1,2-0098:2,2-0319:2,2-0047:2,2-0133:2,2-0380:2,2-0013:2,2-0413:1,2-0480:1,2-0752:1,2-1391:1,2-0178:1,2-0030:1,2-2168:1,2-0879:1,2-0054:1,2-0599:1,2-0007:1,2-0004:1,2-2245:1,2-0320:1,2-0010:1,2-0432:1,2-1351:1,2-0214:1,2-1426:1,2-0052:1,2-2324:1,2-0544:1,2-0441:1,2-1828:1,2-0077:1,2-0623:1,2-0001:1,2-1368:1,2-1520:1,2-1372:1,2-0625:1,2-1375:1,2-0741:1,2-0036:1,3-0033:1,3-0564:1,3-0343:1
50,1-0016:18,1-0007:11,1-0041:10,1-0003:8,1-0046:7,1-0032:7,1-0045:7,1-0010:6,1-0048:5,1-0006:5,1-0008:5,1-0031:4,1-0098:4,1-0052:4,1-0130:4,1-0019:4,1-0005:4,1-0389:3,1-0017:3,1-0129:3,1-0025:3,1-0022:3,1-0169:3,1-0001:3,1-0204:3,1-0059:3,1-0185:3,1-0360:3,1-0004:3,1-0030:3,1-0054:3,1-0012:3,1-0102:3,1-0114:3,1-0039:3,1-0090:3,1-0011:3,1-0122:2,1-0049:2,1-0028:2,1-0405:2,1-0106:2,1-0274:2,1-0111:2,1-0349:2,1-0142:2,1-0345:2,1-0203:2,1-0047:2,1-0113:2,1-0056:2,1-0072:2,1-0069:2,1-0844:2,1-0246:2,1-0325:2,1-1144:2,1-0292:2,1-0024:2,1-0050:2,1-0120:2,1-0061:2,1-0505:2,1-0082:2,1-0250:2,1-0385:1,1-0128:1,1-0679:1,1-0628:1,1-0068:1,1-0767:1,1-1161:1,1-0067:1,1-0300:1,1-0190:1,1-1778:1,1-0026:1,1-2379:1,1-0692:1,1-0996:1,1-0066:1,1-0162:1,1-0226:1,1-0035:1,1-0527:1,1-0107:1,1-0029:1,1-0194:1,1-0189:1,1-0140:1,1-0213:1,1-0215:1,1-0621:1,1-0312:1,1-0770:1,1-0359:1,1-0798:1,1-0055:1,1-0569:1,1-0034:1,1-0333:1,1-1812:1,1-0258:1,1-0276:1,1-0351:1,1-0352:1,1-0093:1,1-0081:1,1-1385:1,1-0762:1,1-0175:1,1-0132:1,1-1666:1,1-0279:1,1-2269:1,1-0080:1,1-0318:1,1-0672:1,1-0948:1,1-0337:1,1-0231:1,1-1403:1,1-0040:1,1-1256:1,1-1406:1,1-0060:1,1-0137:1,1-0440:1,1-0303:1,1-0020:1,1-0543:1,1-0103:1,1-0789:1,1-2291:1,1-0975:1,1-0483:1,1-0314:1,1-0408:1,1-0057:1,1-0310:1,1-0110:1,1-2299:1,1-0136:1,1-0594:1,1-0018:1,1-0253:1,1-0823:1,1-0014:1,1-0377:1,1-0085:1,1-0267:1,1-2318:1,1-0207:1,1-0353:1,1-0665:1,1-0084:1,1-0232:1,1-0290:1,1-0092:1,1-0201:1,1-0051:1,1-0227:1,1-0244:1,1-1585:1,1-1107:1,1-0164:1,1-0443:1,1-0986:1,1-1891:1,1-1278:1,1-1279:1,1-1747:1,1-0916:1,1-0210:1,1-0160:1,1-1456:1,1-0640:1,1-0074:1,1-0423:1,1-0992:1,1-0596:1,1-0651:1,1-1152:1,1-0104:1,1-0181:1,1-0070:1,1-0135:1,1-0339:1,1-0268:1,1-0009:1,1-0894:1,1-0155:1,1-0330:1,1-0105:1,1-0490:1,1-0343:1,1-1764:1,1-0195:1,2-0014:5,2-0004:5,2-0002:3,2-0029:2,2-0003:2,2-0001:2,2-0028:2,2-0015:2,2-0009:1,2-2285:1,2-0520:1,2-1393:1,2-2543:1,2-1538:1,2-2550:1,2-0590:1,2-0040:1,2-0780:1,2-0010:1,2-1161:1,2-0133:1,2-1432:1,2-2567:1,2-0220:1,2-0134:1,2-2449:1,2-0063:1,2-1830:1,2-1942:1,2-1317:1,2-0048:1,2-0687:1,2-1838:1,2-0024:1,2-0195:1,2-0204:1,2-0070:1,2-1844:1,2-0149:1,2-1477:1,2-2116:1,2-0838:1,2-2625:1,2-1112:1,2-1499:1,2-2389:1,2-1509:1,2-0077:1,2-0261:1,2-0092:1,2-0020:1,3-0001:2,3-0583:1,3-0143:1,3-0005:1,3-0389:1,3-0406:1,3-0039:1,3-0466:1,3-0003:1
51,1-0001:15,1-0058:7,1-0051:5,1-0021:5,1-0029:4,1-0024:4,1-0018:3,1-0033:3,1-0022:3,1-0027:3,1-0234:3,1-0016:3,1-0006:3,1-0011:3,1-0005:3,1-0048:2,1-0046:2,1-0223:2,1-0106:2,1-0117:2,1-0014:2,1-0043:2,1-1087:2,1-0045:2,1-0050:2,1-0088:2,1-0077:2,1-0120:2,1-0364:2,1-0009:2,1-0060:2,1-0004:2,1-0020:2,1-0008:2,1-0130:1,1-0047:1,1-0260:1,1-1010:1,1-0304:1,1-0163:1,1-0075:1,1-0884:1,1-0086:1,1-0109:1,1-0068:1,1-0012:1,1-0028:1,1-0013:1,1-0037:1,1-0042:1,1-0087:1,1-0026:1,1-0041:1,1-0091:1,1-0025:1,1-0039:1,1-0561:1,1-0097:1,1-0151:1,1-0175:1,1-0083:1,1-0090:1,1-0019:1,1-1757:1,1-0105:1,1-0176:1,1-0301:1,2-0001:3,2-0010:2,2-0028:2,2-0577:2,2-0408:2,2-0751:1,2-0026:1,2-0052:1,2-1729:1,2-1216:1,2-0029:1,2-1771:1,2-0014:1,2-0004:1,2-0019:1,2-2485:1,2-1834:1,2-0739:1,2-0013:1,3-0250:1,3-0409:1,3-0006:1,3-0003:1,3-0266:1
52,1-0016:26,1-0001:17,1-0003:14,1-0010:10,1-0025:8,1-0022:8,1-0045:8,1-0007:8,1-0058:7,1-0059:7,1-0004:7,1-0018:7,1-0009:7,1-0026:6,1-0021:6,1-0074:6,1-0152:5,1-0055:5,1-0006:5,1-0037:5,1-0032:5,1-0041:4,1-0150:4,1-0027:4,1-0101:4,1-0083:4,1-0068:3,1-0173:3,1-0035:3,1-0029:3,1-0661:3,1-0044:3,1-0097:3,1-0204:3,1-0080:3,1-0063:3,1-0171:3,1-0147:3,1-0102:3,1-0120:3,1-0061:3,1-0019:3,1-0082:3,1-0794:3,1-0309:3,1-0378:2,1-0086:2,1-0868:2,1-0067:2,1-0177:2,1-0573:2,1-0162:2,1-0099:2,1-0899:2,1-0436:2,1-0396:2,1-0312:2,1-0220:2,1-0403:2,1-0239:2,1-0430:2,1-0360:2,1-0054:2,1-0113:2,1-0056:2,1-0072:2,1-0376:2,1-0953:2,1-0013:2,1-0121:2,1-0453:2,1-0141:2,1-0232:2,1-0914:2,1-0244:2,1-0443:2,1-0170:2,1-0391:2,1-0144:2,1-0105:2,1-0005:2,1-0195:2,1-0154:1,1-0128:1,1-0282:1,1-0075:1,1-0331:1,1-1621:1,1-0123:1,1-0225:1,1-2372:1,1-0053:1,1-0062:1,1-0782:1,1-0017:1,1-0208:1,1-0118:1,1-0028:1,1-0079:1,1-0031:1,1-0106:1,1-0066:1,1-0107:1,1-0023:1,1-0620:1,1-2114:1,1-0091:1,1-0189:1,1-0944:1,1-0629:1,1-0530:1,1-0111:1,1-1047:1,1-0258:1,1-0428:1,1-1966:1,1-1661:1,1-0277:1,1-0100:1,1-0349:1,1-0098:1,1-2265:1,1-0328:1,1-0175:1,1-0132:1,1-0279:1,1-0077:1,1-0052:1,1-0488:1,1-0559:1,1-0040:1,1-0206:1,1-0259:1,1-1540:1,1-0461:1,1-0020:1,1-0283:1,1-0176:1,1-0397:1,1-1687:1,1-0030:1,1-1842:1,1-0047:1,1-0749:1,1-0134:1,1-1261:1,1-0408:1,1-0533:1,1-0269:1,1-0109:1,1-0069:1,1-0198:1,1-0012:1,1-1700:1,1-2451:1,1-0042:1,1-1706:1,1-0087:1,1-1707:1,1-0417:1,1-0094:1,1-0699:1,1-0199:1,1-0578:1,1-0014:1,1-0085:1,1-0207:1,1-0311:1,1-0565:1,1-0036:1,1-0161:1,1-0051:1,1-0362:1,1-0415:1,1-0435:1,1-1277:1,1-0024:1,1-0549:1,1-0050:1,1-0466:1,1-0211:1,1-0272:1,1-0618:1,1-0327:1,1-0070:1,1-0155:1,1-0490:1,1-1472:1,1-0011:1,1-0125:1,1-0008:1,2-0014:4,2-0032:3,2-0019:3,2-0273:2,2-0161:2,2-0022:2,2-0063:2,2-0255:2,2-0420:2,2-0469:2,2-0028:2,2-0390:1,2-1779:1,2-1647:1,2-1379:1,2-0863:1,2-0755:1,2-0045:1,2-0495:1,2-0043:1,2-1406:1,2-1903:1,2-2179:1,2-1416:1,2-2051:1,2-0011:1,2-2191:1,2-2057:1,2-0251:1,2-2317:1,2-0792:1,2-1177:1,2-0908:1,2-0797:1,2-0800:1,2-0001:1,2-0042:1,2-0013:1,2-0076:1,2-0024:1,2-0083:1,2-0934:1,2-0466:1,2-1204:1,2-0081:1,2-0429:1,2-0430:1,2-2103:1,2-2617:1,2-0021:1,2-0206:1,2-0513:1,2-2622:1,2-2627:1,2-0112:1,2-1508:1,2-0268:1,2-0015:1,2-0333:1,2-0484:1,2-0012:1,2-0211:1,2-0092:1,2-1524:1,2-0008:1,2-0020:1,3-0068:2,3-0483:1,3-0523:1,3-0171:1,3-0378:1,3-0006:1,3-0005:1,3-0032:1,3-0232:1,3-0195:1,3-0381:1,3-0003:1
53,1-0016:13,1-0001:12,1-0006:11,1-0018:8,1-0106:7,1-0003:7,1-0021:6,1-0022:5,1-0089:5,1-0059:5,1-0012:5,1-0013:5,1-0045:5,1-0090:5,1-0007:5,1-0048:4,1-0035:4,1-0174:4,1-0009:4,1-0046:3,1-0031:3,1-0117:3,1-0480:3,1-0335:3,1-0726:3,1-0150:3,1-0025:3,1-0040:3,1-0020:3,1-0014:3,1-0084:3,1-0005:3,1-0125:3,1-0008:3,1-0419:2,1-0064:2,1-0053:2,1-0190:2,1-0995:2,1-0460:2,1-0162:2,1-0091:2,1-0055:2,1-0027:2,1-0352:2,1-0043:2,1-0097:2,1-0280:2,1-0429:2,1-0080:2,1-0421:2,1-0137:2,1-0601:2,1-0130:2,1-0072:2,1-0172:2,1-0087:2,1-0232:2,1-0036:2,1-0454:2,1-0626:2,1-0382:2,1-0170:2,1-0166:2,1-0315:2,1-0050:2,1-0371:2,1-0104:2,1-0339:2,1-0126:2,1-0365:1,1-0122:1,1-0809:1,1-0378:1,1-0049:1,1-0163:1,1-0075:1,1-0038:1,1-0566:1,1-0317:1,1-0017:1,1-0067:1,1-0028:1,1-0079:1,1-0073:1,1-0173:1,1-0041:1,1-0212:1,1-0274:1,1-0066:1,1-0344:1,1-1792:1,1-0313:1,1-0575:1,1-0133:1,1-1040:1,1-0023:1,1-0194:1,1-0528:1,1-0215:1,1-0235:1,1-0492:1,1-1654:1,1-0111:1,1-0034:1,1-0856:1,1-0081:1,1-1660:1,1-0277:1,1-0044:1,1-0642:1,1-0239:1,1-1972:1,1-0204:1,1-0604:1,1-0132:1,1-0532:1,1-0188:1,1-2270:1,1-0200:1,1-0672:1,1-0148:1,1-0083:1,1-0713:1,1-0052:1,1-0800:1,1-2280:1,1-0393:1,1-0060:1,1-0732:1,1-0165:1,1-0030:1,1-0375:1,1-0113:1,1-0408:1,1-2154:1,1-0109:1,1-0246:1,1-0646:1,1-0037:1,1-0042:1,1-2164:1,1-0289:1,1-0121:1,1-2303:1,1-0094:1,1-0447:1,1-0823:1,1-2313:1,1-0147:1,1-1064:1,1-0197:1,1-0033:1,1-0102:1,1-0216:1,1-0292:1,1-0311:1,1-0161:1,1-0182:1,1-0051:1,1-0227:1,1-0010:1,1-1445:1,1-0187:1,1-0158:1,1-0827:1,1-0316:1,1-0088:1,1-0160:1,1-0281:1,1-0019:1,1-0181:1,1-0070:1,1-1287:1,1-0340:1,1-0144:1,1-0895:1,1-0558:1,1-0451:1,1-0011:1,1-0321:1,2-0032:3,2-0004:3,2-0013:3,2-0330:2,2-0433:2,2-0033:2,2-0215:2,2-0063:2,2-0008:2,2-1007:1,2-2590:1,2-0024:1,2-2159:1,2-0050:1,2-1261:1,2-1453:1,2-1590:1,2-0521:1,2-2599:1,2-0428:1,2-2025:1,2-0761:1,2-0054:1,2-0313:1,2-0007:1,2-0002:1,2-1277:1,2-1849:1,2-0113:1,2-0154:1,2-0709:1,2-1741:1,2-2307:1,2-0312:1,2-0010:1,2-1347:1,2-2118:1,2-0022:1,2-0011:1,2-0167:1,2-0225:1,2-0023:1,2-0251:1,2-0133:1,2-0003:1,2-0514:1,2-2198:1,2-1762:1,2-1501:1,2-0567:1,2-1566:1,2-0794:1,2-0323:1,2-1188:1,2-0015:1,2-2332:1,2-0014:1,2-1066:1,2-0092:1,2-0529:1,2-1128:1,3-0001:1,3-0160:1,3-0395:1,3-0593:1,3-0571:1,3-0228:1,3-0005:1,3-0175:1
54,1-0001:11,1-0005:10,1-0006:9,1-0009:7,1-0010:6,1-0028:5,1-0026:5,1-0004:5,1-0054:5,1-0018:5,1-0014:5,1-0003:5,1-0011:5,1-0048:4,1-0118:4,1-0016:4,1-0012:4,1-0045:4,1-0062:3,1-0107:3,1-0025:3,1-0093:3,1-0085:3,1-0222:3,1-0019:3,1-0144:3,1-0038:2,1-0287:2,1-0106:2,1-0041:2,1-0066:2,1-0095:2,1-0119:2,1-0035:2,1-0313:2,1-0044:2,1-0508:2,1-0101:2,1-0021:2,1-0116:2,1-0030:2,1-0047:2,1-0069:2,1-0042:2,1-0032:2,1-0579:2,1-1069:2,1-0412:2,1-0120:2,1-0104:2,1-0007:2,1-0745:2,1-0195:2,1-0128:1,1-0086:1,1-0566:1,1-0053:1,1-2223:1,1-0236:1,1-0017:1,1-0067:1,1-0156:1,1-0173:1,1-0212:1,1-0264:1,1-0245:1,1-0162:1,1-0099:1,1-0942:1,1-0023:1,1-0091:1,1-0769:1,1-1207:1,1-0367:1,1-0055:1,1-0374:1,1-0034:1,1-1383:1,1-0089:1,1-0043:1,1-0204:1,1-0132:1,1-0063:1,1-0674:1,1-0191:1,1-1309:1,1-0509:1,1-0293:1,1-0273:1,1-0040:1,1-0206:1,1-0137:1,1-1835:1,1-0498:1,1-0931:1,1-1998:1,1-0130:1,1-0238:1,1-1846:1,1-0763:1,1-0057:1,1-0284:1,1-2447:1,1-0198:1,1-0407:1,1-0442:1,1-0013:1,1-0037:1,1-0172:1,1-0602:1,1-0224:1,1-2320:1,1-0232:1,1-0114:1,1-0329:1,1-0201:1,1-0221:1,1-0051:1,1-1147:1,1-1229:1,1-0039:1,1-0024:1,1-0151:1,1-0990:1,1-0050:1,1-0210:1,1-0061:1,1-0512:1,1-0334:1,1-0070:1,1-0082:1,1-1918:1,1-1920:1,1-0808:1,2-0007:3,2-0035:3,2-0058:2,2-0083:2,2-0067:2,2-0014:2,2-0117:2,2-1257:1,2-0061:1,2-1717:1,2-0024:1,2-0293:1,2-0087:1,2-0204:1,2-2414:1,2-1017:1,2-0139:1,2-0224:1,2-0044:1,2-2175:1,2-0029:1,2-0130:1,2-2243:1,2-0311:1,2-2373:1,2-0653:1,2-0551:1,2-1344:1,2-1158:1,2-0010:1,2-0079:1,2-0011:1,2-2056:1,2-0033:1,2-0468:1,2-0028:1,2-0848:1,2-0001:1,2-0211:1,2-0212:1,2-2648:1,3-0031:2,3-0073:1,3-0020:1,3-0515:1,3-0589:1,3-0511:1,3-0003:1,3-0066:1
55,1-0016:13,1-0001:9,1-0005:8,1-0017:7,1-0031:5,1-0106:5,1-0199:5,1-0024:5,1-0007:5,1-0020:5,1-0011:5,1-0046:4,1-0049:4,1-0042:4,1-0095:4,1-0074:4,1-0082:4,1-0008:4,1-0048:3,1-0072:3,1-0091:3,1-0032:3,1-0039:3,1-0093:3,1-0021:3,1-0009:3,1-0038:2,1-0062:2,1-0246:2,1-0013:2,1-0117:2,1-0023:2,1-0033:2,1-0022:2,1-0164:2,1-0045:2,1-0059:2,1-0294:2,1-0071:1,1-0130:1,1-0030:1,1-0122:1,1-0809:1,1-0260:1,1-0075:1,1-0123:1,1-0269:1,1-0208:1,1-0012:1,1-0028:1,1-0073:1,1-1121:1,1-0941:1,1-0066:1,1-0740:1,1-0014:1,1-0085:1,1-0029:1,1-0102:1,1-0638:1,1-1081:1,1-0036:1,1-0454:1,1-0201:1,1-1437:1,1-0010:1,1-0058:1,1-0034:1,1-1811:1,1-0027:1,1-0511:1,1-0204:1,1-1901:1,1-0247:1,1-0371:1,1-0234:1,1-0505:1,1-0090:1,1-0019:1,1-0052:1,1-0104:1,1-0348:1,1-0006:1,1-0060:1,1-1611:1,1-2082:1,1-0004:1,1-0176:1,1-0301:1,2-0002:5,2-0001:5,2-0003:4,2-0004:3,2-0013:2,2-1319:1,2-0006:1,2-0032:1,2-1721:1,2-0598:1,2-0369:1,2-0007:1,2-0027:1,2-2104:1,2-0067:1,2-2247:1,2-0603:1,2-0314:1,2-0659:1,2-0041:1,2-0052:1,2-0463:1,2-1056:1,2-2579:1,3-0001:2,3-0375:1
56,1-0016:8,1-0052:5,1-0138:4,1-0001:4,1-0320:4,1-0019:4,1-0038:3,1-0023:3,1-0197:3,1-0529:3,1-0059:3,1-0007:3,1-0105:3,1-0005:3,1-0086:2,1-0053:2,1-0012:2,1-0066:2,1-0426:2,1-0033:2,1-0677:2,1-0984:2,1-0024:2,1-0045:2,1-0145:2,1-0009:2,1-0882:2,1-0011:2,1-0071:1,1-0130:1,1-0282:1,1-0867:1,1-0109:1,1-0072:1,1-1421:1,1-0068:1,1-0300:1,1-0110:1,1-0042:1,1-1631:1,1-0087:1,1-2019:1,1-2381:1,1-0156:1,1-0433:1,1-0041:1,1-0141:1,1-0199:1,1-0085:1,1-0575:1,1-0107:1,1-0029:1,1-0664:1,1-0139:1,1-1645:1,1-0621:1,1-1297:1,1-0051:1,1-0025:1,1-0403:1,1-0032:1,1-0355:1,1-0055:1,1-0027:1,1-0081:1,1-0089:1,1-0044:1,1-0003:1,1-0445:1,1-0098:1,1-0209:1,1-1746:1,1-0050:1,1-1455:1,1-1191:1,1-0077:1,1-0345:1,1-0063:1,1-0061:1,1-0295:1,1-0021:1,1-0907:1,1-0006:1,1-0688:1,1-0020:1,1-0004:1,1-0125:1,1-1546:1,2-0001:2,2-0032:1,2-0029:1,2-1278:1,2-1906:1,2-0040:1,2-1916:1,2-0226:1,2-0014:1,2-1774:1,2-0064:1
57,1-0001:13,1-0014:7,1-0051:7,1-0004:7,1-0006:6,1-0013:5,1-0042:5,1-0350:5,1-0009:5,1-0017:4,1-0022:4,1-0244:4,1-0027:4,1-0045:4,1-0011:4,1-0008:4,1-0046:3,1-0266:3,1-0066:3,1-0018:3,1-0029:3,1-0084:3,1-0374:3,1-0039:3,1-0089:3,1-0003:3,1-0090:3,1-0071:2,1-0123:2,1-0056:2,1-0109:2,1-0037:2,1-0172:2,1-0031:2,1-0035:2,1-0403:2,1-0032:2,1-0428:2,1-0059:2,1-0063:2,1-0234:2,1-0105:2,1-0020:2,1-0005:2,1-0180:1,1-0149:1,1-0163:1,1-1139:1,1-0038:1,1-0419:1,1-0076:1,1-0064:1,1-0053:1,1-0317:1,1-0068:1,1-0012:1,1-0079:1,1-0159:1,1-0635:1,1-0289:1,1-0106:1,1-0041:1,1-0514:1,1-2460:1,1-0129:1,1-0168:1,1-0033:1,1-0194:1,1-0592:1,1-0102:1,1-0150:1,1-0312:1,1-0359:1,1-0025:1,1-0010:1,1-0541:1,1-1165:1,1-0169:1,1-0296:1,1-0661:1,1-1048:1,1-0093:1,1-0081:1,1-0778:1,1-0024:1,1-0738:1,1-1302:1,1-0204:1,1-0050:1,1-0466:1,1-0779:1,1-0280:1,1-0394:1,1-0101:1,1-0143:1,1-0074:1,1-0021:1,1-0104:1,1-0185:1,1-0070:1,1-0421:1,1-0135:1,1-0339:1,1-0040:1,1-0137:1,1-0808:1,1-0125:1,1-0171:1,1-0397:1,2-0010:6,2-0004:3,2-0293:2,2-0002:2,2-0343:2,2-0033:2,2-0171:2,2-0012:2,2-0009:1,2-0928:1,2-2085:1,2-0024:1,2-0050:1,2-0256:1,2-0164:1,2-2467:1,2-1136:1,2-2023:1,2-0139:1,2-0019:1,2-0067:1,2-0040:1,2-0655:1,2-2621:1,2-1422:1,2-0041:1,2-0983:1,2-0016:1,2-0034:1,2-1772:1,2-0137:1,2-0001:1,2-0014:1,2-0035:1,2-0013:1,2-0922:1,2-0217:1,3-0017:1,3-0114:1
58,1-0016:16,1-0001:13,1-0047:9,1-0004:8,1-0011:7,1-0018:6,1-0022:6,1-0023:5,1-0003:5,1-0005:5,1-0046:4,1-0053:4,1-0199:4,1-0014:4,1-0010:4,1-0024:4,1-0059:4,1-0074:4,1-0021:4,1-0020:4,1-0008:4,1-0049:3,1-0054:3,1-0038:3,1-0017:3,1-0067:3,1-0012:3,1-0037:3,1-0073:3,1-0140:3,1-0039:3,1-0007:3,1-0135:3,1-0154:2,1-0128:2,1-0048:2,1-0109:2,1-0069:2,1-0068:2,1-0042:2,1-0031:2,1-0119:2,1-0035:2,1-0085:2,1-0033:2,1-0091:2,1-0051:2,1-0127:2,1-0158:2,1-0097:2,1-0078:2,1-0090:2,1-0082:2,1-0006:2,1-0259:2,1-0519:2,1-0071:1,1-0130:1,1-2085:1,1-0030:1,1-1135:1,1-0260:1,1-0654:1,1-0304:1,1-0149:1,1-0356:1,1-0323:1,1-1345:1,1-0134:1,1-0238:1,1-0291:1,1-0419:1,1-0566:1,1-0286:1,1-0386:1,1-0783:1,1-0198:1,1-0118:1,1-2449:1,1-0013:1,1-0159:1,1-0087:1,1-1121:1,1-1939:1,1-0802:1,1-0274:1,1-2110:1,1-0553:1,1-0592:1,1-0102:1,1-0207:1,1-0189:1,1-0481:1,1-0554:1,1-0630:1,1-0847:1,1-0092:1,1-0032:1,1-0251:1,1-0169:1,1-0362:1,1-0164:1,1-0055:1,1-0838:1,1-2255:1,1-0093:1,1-0151:1,1-0045:1,1-0050:1,1-0132:1,1-0188:1,1-0248:1,1-0077:1,1-0080:1,1-0083:1,1-0019:1,1-0052:1,1-0590:1,1-0104:1,1-0350:1,1-1681:1,1-0137:1,1-0309:1,1-0176:1,1-0601:1,2-0004:4,2-0001:4,2-0003:3,2-0032:2,2-0002:2,2-0010:2,2-0011:2,2-0153:1,2-0410:1,2-1079:1,2-0178:1,2-1394:1,2-0128:1,2-0598:1,2-0135:1,2-2026:1,2-2099:1,2-0563:1,2-1473:1,2-0424:1,2-0019:1,2-0067:1,2-0068:1,2-0891:1,2-0250:1,2-0225:1,2-2497:1,2-0023:1,2-0026:1,2-0052:1,2-0127:1,2-0144:1,2-0171:1,2-0075:1,2-0192:1,2-2142:1,2-0035:1,2-0013:1,2-0111:1,3-0001:2,3-0033:1,3-0049:1,3-0035:1,3-0030:1,3-0153:1,3-0041:1
59,1-0010:20,1-0001:12,1-0004:12,1-0045:10,1-0018:8,1-0006:7,1-0003:6,1-0053:5,1-0118:5,1-0050:5,1-0025:4,1-0055:4,1-0097:4,1-0279:4,1-0077:4,1-0116:4,1-0108:4,1-0013:4,1-0032:4,1-0039:4,1-0346:4,1-0046:3,1-0026:3,1-0066:3,1-0189:3,1-0111:3,1-0027:3,1-0021:3,1-0040:3,1-0113:3,1-0057:3,1-0042:3,1-0007:3,1-0268:3,1-0250:3,1-0008:3,1-0228:2,1-0690:2,1-0513:2,1-0075:2,1-0068:2,1-0131:2,1-0341:2,1-0162:2,1-0150:2,1-0098:2,1-0612:2,1-0063:2,1-0877:2,1-0016:2,1-0474:2,1-1054:2,1-0291:2,1-0172:2,1-0577:2,1-0051:2,1-0650:2,1-0249:2,1-0009:2,1-0011:2,1-0305:2,1-0756:2,1-0395:1,1-0122:1,1-1767:1,1-0049:1,1-0038:1,1-0064:1,1-2222:1,1-0214:1,1-0782:1,1-0017:1,1-1772:1,1-0223:1,1-0208:1,1-0067:1,1-0028:1,1-0079:1,1-1247:1,1-0095:1,1-0568:1,1-0119:1,1-0786:1,1-0129:1,1-0035:1,1-1040:1,1-0710:1,1-0194:1,1-0603:1,1-1647:1,1-0202:1,1-1044:1,1-2243:1,1-0220:1,1-0186:1,1-2125:1,1-0034:1,1-0093:1,1-0081:1,1-0089:1,1-0774:1,1-0239:1,1-0142:1,1-0204:1,1-0132:1,1-0430:1,1-0059:1,1-2414:1,1-0972:1,1-0493:1,1-0947:1,1-0052:1,1-2420:1,1-2422:1,1-0293:1,1-0297:1,1-0381:1,1-0206:1,1-0929:1,1-1994:1,1-0020:1,1-0171:1,1-0397:1,1-0165:1,1-2001:1,1-0030:1,1-1135:1,1-1057:1,1-1058:1,1-0054:1,1-0623:1,1-0056:1,1-0072:1,1-0310:1,1-1420:1,1-2015:1,1-0376:1,1-0198:1,1-0012:1,1-1097:1,1-0955:1,1-0697:1,1-0037:1,1-0911:1,1-0087:1,1-2454:1,1-1142:1,1-0199:1,1-0263:1,1-0192:1,1-0637:1,1-0224:1,1-0353:1,1-1723:1,1-0114:1,1-0503:1,1-2333:1,1-0667:1,1-0863:1,1-0987:1,1-2053:1,1-0257:1,1-0412:1,1-1454:1,1-0211:1,1-1238:1,1-1903:1,1-0687:1,1-1111:1,1-0120:1,1-0061:1,1-2071:1,1-2196:1,1-2487:1,1-1605:1,1-0019:1,1-0354:1,1-0155:1,1-0330:1,1-0144:1,1-0005:1,1-1474:1,2-0013:5,2-0086:4,2-0009:3,2-0081:3,2-0015:3,2-0217:3,2-0004:2,2-0019:2,2-0033:2,2-1586:1,2-1010:1,2-0635:1,2-0083:1,2-0006:1,2-0750:1,2-0062:1,2-1327:1,2-1843:1,2-0045:1,2-1723:1,2-1724:1,2-0873:1,2-0641:1,2-1961:1,2-2602:1,2-0031:1,2-1202:1,2-0695:1,2-2541:1,2-0043:1,2-0453:1,2-0882:1,2-0106:1,2-0113:1,2-2039:1,2-0823:1,2-0149:1,2-2434:1,2-1413:1,2-0040:1,2-0578:1,2-1970:1,2-0475:1,2-2184:1,2-1550:1,2-0084:1,2-0892:1,2-0273:1,2-1621:1,2-0003:1,2-2385:1,2-1167:1,2-2318:1,2-1429:1,2-0841:1,2-0362:1,2-0462:1,2-1626:1,2-0980:1,2-2632:1,2-1686:1,2-1180:1,2-2447:1,2-1436:1,2-1929:1,2-0028:1,2-2138:1,2-1518:1,2-0012:1,2-2518:1,2-1997:1,2-0036:1,2-0626:1,3-0382:1,3-0177:1,3-0197:1,3-0087:1,3-0296:1,3-0537:1,3-0498:1,3-0471:1,3-0147:1,3-0558:1,3-0425:1,3-0032:1,3-0121:1,3-0150:1,3-0100:1,3-0519:1
60,1-0011:16,1-0024:15,1-0017:13,1-0001:13,1-0013:12,1-0008:11,1-0016:10,1-0038:9,1-0018:8,1-0033:8,1-0029:7,1-0110:7,1-0014:7,1-0045:7,1-0046:6,1-0106:6,1-0005:6,1-0028:5,1-0004:5,1-0007:5,1-0099:4,1-0040:4,1-0006:4,1-0020:4,1-0071:4,1-0042:4,1-0087:4,1-0211:4,1-0104:4,1-0031:3,1-0041:3,1-0129:3,1-0035:3,1-0027:3,1-0349:3,1-0078:3,1-0056:3,1-0010:3,1-0039:3,1-0019:3,1-0070:3,1-0049:2,1-0163:2,1-0075:2,1-0053:2,1-0452:2,1-0066:2,1-0332:2,1-0150:2,1-0025:2,1-0684:2,1-0034:2,1-0043:2,1-0098:2,1-0143:2,1-0345:2,1-0145:2,1-0543:2,1-0012:2,1-0172:2,1-0141:2,1-0146:2,1-0003:2,1-0196:2,1-0268:2,1-0155:2,1-0678:2,1-0365:1,1-0086:1,1-0123:1,1-0062:1,1-2094:1,1-0124:1,1-1774:1,1-1161:1,1-0067:1,1-0118:1,1-0964:1,1-0131:1,1-0480:1,1-0215:1,1-0621:1,1-0178:1,1-0111:1,1-0055:1,1-0058:1,1-0872:1,1-0093:1,1-0127:1,1-0100:1,1-0279:1,1-0446:1,1-0080:1,1-0583:1,1-0148:1,1-0432:1,1-0021:1,1-0613:1,1-0907:1,1-1255:1,1-0297:1,1-0137:1,1-0586:1,1-0303:1,1-0171:1,1-1136:1,1-0108:1,1-0113:1,1-0314:1,1-0076:1,1-0933:1,1-0109:1,1-2017:1,1-0037:1,1-0271:1,1-0121:1,1-0199:1,1-0463:1,1-0253:1,1-0147:1,1-0637:1,1-0102:1,1-2029:1,1-0139:1,1-0311:1,1-0161:1,1-1272:1,1-1882:1,1-0244:1,1-0778:1,1-0489:1,1-0315:1,1-0779:1,1-0828:1,1-0247:1,1-2350:1,1-0338:1,1-1239:1,1-2066:1,1-0074:1,1-0308:1,1-1907:1,1-0181:1,1-0082:1,1-0252:1,1-0126:1,1-0470:1,1-0321:1,2-0001:15,2-0004:6,2-0007:4,2-0024:3,2-0059:3,2-0002:3,2-0012:3,2-0006:2,2-0097:2,2-0531:2,2-0011:2,2-0033:2,2-0003:2,2-0026:2,2-0377:2,2-0034:2,2-0014:2,2-1259:1,2-0199:1,2-2463:1,2-2589:1,2-2287:1,2-1198:1,2-0062:1,2-0164:1,2-0218:1,2-0065:1,2-0941:1,2-1601:1,2-0507:1,2-2540:1,2-1273:1,2-1210:1,2-0099:1,2-1850:1,2-1340:1,2-0067:1,2-0649:1,2-0071:1,2-1480:1,2-1103:1,2-1805:1,2-0657:1,2-0022:1,2-0251:1,2-0200:1,2-0041:1,2-1816:1,2-1430:1,2-0556:1,2-0016:1,2-1694:1,2-0015:1,2-2272:1,2-0486:1,2-0298:1,2-0736:1,2-0013:1,2-1995:1,2-0064:1,2-0166:1,2-1999:1,2-0626:1,2-0173:1,3-0002:3,3-0047:2,3-0018:1,3-0001:1,3-0012:1,3-0015:1,3-0013:1,3-0162:1,3-0384:1,3-0499:1,3-0149:1,3-0493:1
62,1-0004:9,1-0064:6,1-0039:6,1-0026:5,1-0025:5,1-0098:5,1-0010:5,1-0068:4,1-0131:4,1-0058:4,1-0001:4,1-0048:3,1-0302:3,1-0157:3,1-0077:3,1-0052:3,1-0414:3,1-0271:3,1-0003:3,1-0002:3,1-0050:3,1-0082:3,1-0122:2,1-0046:2,1-0038:2,1-0797:2,1-0073:2,1-0041:2,1-0966:2,1-0107:2,1-0359:2,1-0111:2,1-1127:2,1-0081:2,1-0143:2,1-0185:2,1-0006:2,1-0206:2,1-0047:2,1-0113:2,1-0109:2,1-0072:2,1-0069:2,1-0909:2,1-0012:2,1-0159:2,1-0037:2,1-0042:2,1-0121:2,1-0401:2,1-0061:2,1-0104:2,1-0007:2,1-0011:2,1-0008:2,1-2211:1,1-0395:1,1-2086:1,1-0163:1,1-0086:1,1-0706:1,1-0783:1,1-0067:1,1-0118:1,1-0563:1,1-0177:1,1-0028:1,1-1776:1,1-1247:1,1-0095:1,1-0759:1,1-2386:1,1-0129:1,1-0035:1,1-0029:1,1-2388:1,1-0189:1,1-2392:1,1-0380:1,1-0022:1,1-2123:1,1-0970:1,1-1003:1,1-0516:1,1-1005:1,1-0101:1,1-0814:1,1-0083:1,1-0040:1,1-1834:1,1-0461:1,1-0572:1,1-0171:1,1-0112:1,1-0071:1,1-0030:1,1-0634:1,1-0908:1,1-0134:1,1-0057:1,1-0376:1,1-0246:1,1-0198:1,1-0697:1,1-0013:1,1-0801:1,1-0266:1,1-0409:1,1-1866:1,1-0018:1,1-2169:1,1-2027:1,1-0718:1,1-0719:1,1-0102:1,1-0564:1,1-0523:1,1-1066:1,1-0114:1,1-0218:1,1-0201:1,1-0032:1,1-0362:1,1-0015:1,1-1150:1,1-0151:1,1-0412:1,1-1282:1,1-0074:1,1-0937:1,1-1906:1,1-0418:1,1-0019:1,1-0155:1,1-0144:1,1-0105:1,1-1471:1,1-0005:1,1-0125:1,2-0019:4,2-0009:3,2-0062:3,2-0065:2,2-0004:2,2-0086:2,2-0015:2,2-0058:1,2-0076:1,2-2006:1,2-2406:1,2-2592:1,2-2593:1,2-2012:1,2-1953:1,2-0087:1,2-0935:1,2-0506:1,2-1597:1,2-1960:1,2-0043:1,2-1966:1,2-0768:1,2-0082:1,2-2369:1,2-0499:1,2-1046:1,2-2256:1,2-0264:1,2-0034:1,2-0095:1,2-1569:1,2-0569:1,2-2209:1,2-1245:1,2-0077:1,2-0190:1,2-1708:1,3-0276:1,3-0419:1,3-0535:1,3-0133:1,3-0098:1,3-0380:1,3-0045:1,3-0145:1
63,1-0011:13,1-0065:9,1-0203:9,1-0144:9,1-0025:8,1-0024:8,1-0017:7,1-0028:7,1-0001:7,1-0026:6,1-0133:6,1-0020:6,1-0039:6,1-0019:6,1-0154:5,1-0023:5,1-0015:5,1-0003:5,1-0008:5,1-0049:4,1-0071:4,1-0014:4,1-0216:4,1-0002:4,1-0007:4,1-0048:3,1-0041:3,1-0035:3,1-0043:3,1-0078:3,1-0021:3,1-0052:3,1-0004:3,1-0030:3,1-0255:3,1-0018:3,1-0232:3,1-0074:3,1-0082:3,1-0005:3,1-0128:2,1-0046:2,1-0062:2,1-0053:2,1-0236:2,1-0031:2,1-0274:2,1-0095:2,1-0107:2,1-0055:2,1-0127:2,1-0059:2,1-0080:2,1-0040:2,1-0006:2,1-0498:2,1-0130:2,1-0047:2,1-0054:2,1-0013:2,1-0096:2,1-0146:2,1-0036:2,1-0201:2,1-0051:2,1-0010:2,1-0210:2,1-0061:2,1-0305:2,1-0938:1,1-0122:1,1-0163:1,1-0038:1,1-0707:1,1-1346:1,1-0420:1,1-0068:1,1-0067:1,1-0079:1,1-0757:1,1-0073:1,1-1122:1,1-0173:1,1-0066:1,1-1640:1,1-0099:1,1-2238:1,1-0332:1,1-0189:1,1-0528:1,1-0150:1,1-0486:1,1-0380:1,1-0217:1,1-0254:1,1-2403:1,1-0058:1,1-0034:1,1-0428:1,1-0277:1,1-0089:1,1-0392:1,1-0100:1,1-0098:1,1-0508:1,1-0175:1,1-0204:1,1-0132:1,1-0342:1,1-0063:1,1-0148:1,1-0083:1,1-0185:1,1-0273:1,1-2148:1,1-1009:1,1-0112:1,1-0422:1,1-0134:1,1-0076:1,1-0386:1,1-0237:1,1-0198:1,1-0037:1,1-0980:1,1-0042:1,1-0289:1,1-1712:1,1-0263:1,1-0607:1,1-0168:1,1-0102:1,1-0161:1,1-2335:1,1-0164:1,1-1229:1,1-0230:1,1-0443:1,1-1279:1,1-0248:1,1-0326:1,1-0120:1,1-2198:1,1-0181:1,1-2491:1,1-0135:1,1-0598:1,1-0009:1,1-1919:1,1-0105:1,1-1072:1,1-1116:1,1-0678:1,2-0074:9,2-0001:8,2-0003:4,2-0318:3,2-0202:3,2-0009:2,2-0056:2,2-0007:2,2-0002:2,2-0029:2,2-0004:2,2-0006:1,2-0070:1,2-2164:1,2-0760:1,2-0170:1,2-0495:1,2-0957:1,2-1669:1,2-0592:1,2-1807:1,2-1043:1,2-0107:1,2-0038:1,2-0011:1,2-0305:1,2-1755:1,2-0526:1,2-0394:1,2-1300:1,2-1688:1,2-1055:1,2-0063:1,2-0486:1,2-1700:1,2-1522:1,2-0092:1,2-0096:1,2-0008:1,2-2148:1,3-0027:3,3-0001:2,3-0324:1,3-0301:1,3-0203:1
64,1-0028:6,1-0036:6,1-0013:5,1-0015:5,1-0004:5,1-0012:4,1-0014:4,1-0096:4,1-0039:4,1-0002:4,1-0011:4,1-0071:3,1-0102:3,1-0227:3,1-0174:3,1-0351:3,1-0065:3,1-0052:3,1-0070:3,1-0048:2,1-0038:2,1-0076:2,1-0056:2,1-0068:2,1-0017:2,1-0085:2,1-0033:2,1-0507:2,1-0081:2,1-0001:2,1-0024:2,1-0050:2,1-0088:2,1-0059:2,1-0080:2,1-0019:2,1-0007:2,1-0203:2,1-0171:2,1-0128:1,1-0046:1,1-0113:1,1-0314:1,1-2216:1,1-0075:1,1-2153:1,1-0241:1,1-2093:1,1-0062:1,1-0053:1,1-0124:1,1-0869:1,1-0782:1,1-0615:1,1-0067:1,1-0110:1,1-0159:1,1-0037:1,1-0042:1,1-0425:1,1-0026:1,1-0073:1,1-1063:1,1-0682:1,1-0468:1,1-0094:1,1-0066:1,1-1123:1,1-0253:1,1-2024:1,1-0162:1,1-0192:1,1-0099:1,1-0107:1,1-0413:1,1-0023:1,1-0592:1,1-1505:1,1-0084:1,1-0523:1,1-0157:1,1-1801:1,1-0201:1,1-0359:1,1-0010:1,1-0111:1,1-0022:1,1-0032:1,1-2041:1,1-0055:1,1-0058:1,1-0034:1,1-1324:1,1-0027:1,1-1086:1,1-1048:1,1-0258:1,1-0435:1,1-2260:1,1-0100:1,1-0097:1,1-2262:1,1-0098:1,1-1234:1,1-0142:1,1-0210:1,1-0446:1,1-0101:1,1-1395:1,1-0143:1,1-0063:1,1-0370:1,1-0724:1,1-0090:1,1-0021:1,1-0369:1,1-1253:1,1-0185:1,1-0670:1,1-0082:1,1-0006:1,1-0880:1,1-0060:1,1-0384:1,1-0252:1,1-1030:1,1-0497:1,1-0795:1,1-0008:1,1-0301:1,2-0007:3,2-0008:3,2-0140:2,2-0001:2,2-0074:2,2-0253:2,2-0199:1,2-0749:1,2-0006:1,2-2359:1,2-0700:1,2-2430:1,2-0004:1,2-2368:1,2-0019:1,2-0650:1,2-2046:1,2-0889:1,2-2490:1,2-0017:1,2-0287:1,2-0124:1,2-2383:1,2-1495:1,2-2443:1,2-0115:1,2-1928:1,2-1059:1,2-0015:1,2-1773:1,2-0806:1,2-1378:1,2-1191:1,3-0508:1,3-0262:1,3-0398:1,3-0083:1,3-0351:1,3-0012:1,3-0216:1,3-0470:1,3-0129:1
65,1-0012:11,1-0002:11,1-0050:9,1-0100:8,1-0003:7,1-0007:7,1-0073:6,1-0001:6,1-0036:5,1-0080:5,1-0039:4,1-0408:3,1-0062:3,1-0736:3,1-0220:3,1-0025:3,1-0138:3,1-0032:3,1-0015:3,1-0061:3,1-0137:3,1-0008:3,1-0071:2,1-0064:2,1-0056:2,1-0017:2,1-0013:2,1-0031:2,1-0095:2,1-0035:2,1-0081:2,1-0280:2,1-0063:2,1-0019:2,1-0052:2,1-0293:2,1-0009:2,1-0006:2,1-0060:2,1-0020:2,1-0004:2,1-0005:2,1-0103:2,1-0030:1,1-0108:1,1-0375:1,1-0048:1,1-0444:1,1-0054:1,1-0858:1,1-0086:1,1-0676:1,1-0072:1,1-0214:1,1-0068:1,1-0783:1,1-0037:1,1-0042:1,1-1491:1,1-1936:1,1-0026:1,1-0041:1,1-0274:1,1-0447:1,1-0344:1,1-2309:1,1-0253:1,1-0119:1,1-0226:1,1-0033:1,1-1296:1,1-0485:1,1-0825:1,1-0218:1,1-0161:1,1-0217:1,1-0227:1,1-0022:1,1-0541:1,1-0251:1,1-0055:1,1-0296:1,1-0058:1,1-0034:1,1-0027:1,1-0230:1,1-0443:1,1-0622:1,1-0170:1,1-0043:1,1-0065:1,1-0549:1,1-0151:1,1-0550:1,1-0316:1,1-0576:1,1-1283:1,1-0249:1,1-0077:1,1-0588:1,1-0083:1,1-0334:1,1-0021:1,1-0040:1,1-0705:1,1-0490:1,1-0440:1,1-0586:1,1-0011:1,1-0125:1,1-1547:1,2-0158:3,2-0002:2,2-0336:2,2-0236:1,2-0153:1,2-0493:1,2-0753:1,2-0070:1,2-0005:1,2-0031:1,2-0043:1,2-0082:1,2-0018:1,2-0651:1,2-1915:1,2-0552:1,2-1160:1,2-0432:1,2-1919:1,2-0168:1,2-0260:1,2-2063:1,2-0102:1,2-0568:1,2-0075:1,3-0174:1,3-0259:1,3-0561:1
66,1-0001:15,1-0013:7,1-0032:5,1-0077:5,1-0009:5,1-0029:4,1-0002:4,1-0006:4,1-0056:3,1-0068:3,1-0084:3,1-0003:3,1-0021:3,1-0040:3,1-0004:3,1-0048:2,1-0134:2,1-0014:2,1-0015:2,1-0034:2,1-0196:2,1-0060:2,1-0020:2,1-0030:1,1-0047:1,1-0122:1,1-0128:1,1-0049:1,1-0715:1,1-0483:1,1-0075:1,1-1622:1,1-0076:1,1-0064:1,1-0500:1,1-0069:1,1-0017:1,1-0478:1,1-0725:1,1-0028:1,1-0136:1,1-0042:1,1-0409:1,1-0031:1,1-1633:1,1-0567:1,1-0647:1,1-2456:1,1-0691:1,1-0066:1,1-0119:1,1-0935:1,1-0023:1,1-0033:1,1-0096:1,1-0292:1,1-0629:1,1-0507:1,1-0803:1,1-0092:1,1-0169:1,1-0055:1,1-0027:1,1-2045:1,1-0093:1,1-0089:1,1-0043:1,1-0065:1,1-0097:1,1-2477:1,1-0175:1,1-0088:1,1-0143:1,1-0063:1,1-0281:1,1-0052:1,1-0070:1,1-0167:1,1-1115:1,1-0105:1,1-0360:1,1-1055:1,1-0005:1,1-2083:1,1-0008:1,2-0012:3,2-0006:2,2-0503:1,2-0124:1,2-1450:1,2-1074:1,2-2289:1,2-0297:1,2-0050:1,2-0003:1,2-0005:1,2-0527:1,2-0034:1,2-0016:1,2-0140:1,2-1058:1,2-0109:1,2-0007:1,2-0002:1,2-0091:1,2-0018:1,3-0428:1,3-0001:1,3-0449:1
68,1-0001:13,1-0004:9,1-0002:8,1-0010:6,1-0096:4,1-0065:4,1-0013:3,1-0042:3,1-0066:3,1-0014:3,1-0051:3,1-0015:3,1-0154:2,1-0706:2,1-0053:2,1-0110:2,1-0037:2,1-0035:2,1-0107:2,1-0023:2,1-0413:2,1-0025:2,1-0355:2,1-0034:2,1-0044:2,1-1022:2,1-0021:2,1-0007:2,1-0145:2,1-0011:2,1-0005:2,1-0008:2,1-0112:1,1-0030:1,1-0128:1,1-0054:1,1-2091:1,1-0038:1,1-0284:1,1-0205:1,1-0246:1,1-0223:1,1-0118:1,1-1933:1,1-0028:1,1-0026:1,1-0031:1,1-0041:1,1-1944:1,1-0085:1,1-1295:1,1-0033:1,1-2390:1,1-0565:1,1-0036:1,1-0227:1,1-0039:1,1-1589:1,1-0401:1,1-0127:1,1-0003:1,1-0151:1,1-0078:1,1-0175:1,1-0050:1,1-0077:1,1-0074:1,1-0596:1,1-0148:1,1-0337:1,1-0019:1,1-0052:1,1-0181:1,1-0009:1,1-0006:1,1-0179:1,1-0060:1,1-0137:1,1-0368:1,2-0011:2,2-0006:2,2-0085:2,2-0160:2,2-0021:2,2-0010:1,2-0107:1,2-1320:1,2-2410:1,2-2319:1,2-1732:1,2-0081:1,2-0060:1,2-1029:1,2-0524:1,2-0017:1,3-0256:1,3-0042:1
69,1-0010:7,1-0001:7,1-0008:6,1-0030:4,1-0005:4,1-0051:3,1-0015:3,1-0003:3,1-0002:3,1-0026:3,1-0087:3,1-0009:3,1-0096:3,1-0004:3,1-0092:2,1-0163:2,1-0053:2,1-0065:2,1-0042:2,1-0041:2,1-0021:2,1-0243:2,1-0023:2,1-0060:2,1-0125:2,1-0071:1,1-0025:1,1-0111:1,1-0022:1,1-0032:1,1-0047:1,1-0046:1,1-0546:1,1-0049:1,1-0054:1,1-0113:1,1-0908:1,1-0352:1,1-0533:1,1-0064:1,1-0062:1,1-0056:1,1-0024:1,1-1004:1,1-0017:1,1-0097:1,1-0239:1,1-0177:1,1-0013:1,1-0037:1,1-0346:1,1-0031:1,1-0120:1,1-1534:1,1-0617:1,1-0119:1,1-0090:1,1-0070:1,1-0033:1,1-0105:1,1-0011:1,2-0005:4,2-0018:2,2-0036:2,2-0188:1,2-0038:1,2-1619:1,2-0153:1,2-0003:1,2-0867:1,2-1564:1,2-0981:1,2-0203:1,2-0002:1,2-0614:1,2-0015:1,2-0001:1,2-0012:1,2-0004:1,2-0192:1,2-0093:1,2-0020:1,2-1445:1,2-0111:1,3-0604:1,3-0001:1,3-0433:1,3-0148:1,3-0245:1
70,1-0096:4,1-0067:3,1-0026:3,1-0087:3,1-0023:3,1-0001:3,1-0002:3,1-0046:2,1-0013:2,1-0042:2,1-0121:2,1-0507:2,1-0025:2,1-0058:2,1-0015:2,1-0027:2,1-0003:2,1-0065:2,1-0132:2,1-0088:2,1-0019:2,1-0006:2,1-0020:2,1-0005:2,1-0008:2,1-0130:1,1-0128:1,1-0054:1,1-0134:1,1-0038:1,1-0056:1,1-0068:1,1-0012:1,1-0037:1,1-0136:1,1-0417:1,1-0066:1,1-0018:1,1-0095:1,1-0014:1,1-0377:1,1-0091:1,1-0051:1,1-0010:1,1-0032:1,1-0055:1,1-0277:1,1-0127:1,1-0044:1,1-0043:1,1-0024:1,1-0516:1,1-0326:1,1-0120:1,1-0061:1,1-0083:1,1-0052:1,1-0104:1,1-0181:1,1-0070:1,1-0007:1,1-0495:1,1-0040:1,1-0155:1,1-0011:1,1-0165:1,2-0140:2,2-0004:2,2-0061:1,2-0179:1,2-0010:1,2-0038:1,2-0030:1,2-0029:1,2-0001:1,2-0012:1,2-0018:1,2-0488:1,2-0036:1,2-0316:1,2-0017:1
71,1-0009:15,1-0001:12,1-0006:10,1-0095:8,1-0166:8,1-0028:7,1-0014:6,1-0002:6,1-0160:5,1-0036:4,1-0043:4,1-0008:4,1-0047:3,1-0163:3,1-0038:3,1-0013:3,1-0042:3,1-0073:3,1-0032:3,1-0039:3,1-0024:3,1-0132:3,1-0021:3,1-0020:3,1-0011:3,1-0071:2,1-0109:2,1-0017:2,1-0118:2,1-0026:2,1-0031:2,1-0106:2,1-1221:2,1-0023:2,1-0221:2,1-0015:2,1-0027:2,1-0101:2,1-0005:2,1-1219:1,1-0128:1,1-1343:1,1-0046:1,1-0049:1,1-0054:1,1-1158:1,1-0075:1,1-1261:1,1-0291:1,1-0408:1,1-0076:1,1-0057:1,1-0286:1,1-0376:1,1-0068:1,1-0237:1,1-0067:1,1-0253:1,1-0373:1,1-0263:1,1-0226:1,1-0553:1,1-0147:1,1-0091:1,1-0554:1,1-0115:1,1-0010:1,1-0296:1,1-0258:1,1-0081:1,1-0435:1,1-1230:1,1-0277:1,1-0127:1,1-0989:1,1-0535:1,1-0050:1,1-0196:1,1-0248:1,1-0063:1,1-1601:1,1-0061:1,1-0281:1,1-0587:1,1-1607:1,1-0259:1,1-0004:1,1-0125:1,1-0165:1,1-0301:1,1-0195:1,2-0007:5,2-0001:3,2-0008:3,2-0148:2,2-0027:2,2-2494:1,2-0009:1,2-0250:1,2-0022:1,2-1012:1,2-1786:1,2-0338:1,2-0294:1,2-0003:1,2-0128:1,2-1462:1,2-1822:1,2-0016:1,2-0002:1,2-0043:1,2-0055:1,2-0004:1,2-1665:1,2-0019:1,2-0775:1,2-0158:1,3-0009:2,3-0001:1,3-0208:1,3-0357:1,3-0030:1
72,1-0002:26,1-0001:9,1-0017:7,1-0025:4,1-0006:4,1-0030:3,1-0076:3,1-0042:3,1-0014:3,1-0029:3,1-0058:3,1-0027:3,1-0043:3,1-0077:3,1-0060:3,1-0020:3,1-0008:3,1-0071:2,1-0539:2,1-0130:2,1-0049:2,1-0069:2,1-0068:2,1-0110:2,1-0031:2,1-0835:2,1-0959:2,1-0045:2,1-0088:2,1-0019:2,1-0009:2,1-0149:1,1-0183:1,1-0075:1,1-0013:1,1-0026:1,1-0289:1,1-0785:1,1-0066:1,1-0018:1,1-0035:1,1-0085:1,1-0267:1,1-0023:1,1-0194:1,1-0139:1,1-0036:1,1-0114:1,1-0032:1,1-0186:1,1-0392:1,1-0065:1,1-0024:1,1-0209:1,1-0576:1,1-0120:1,1-1251:1,1-0371:1,1-0021:1,1-0865:1,1-0011:1,1-0005:1,1-0125:1,2-0005:3,2-0214:2,2-0003:2,2-0399:2,2-0016:2,2-0002:2,2-1530:1,2-0183:1,2-2016:1,2-2229:1,2-0051:1,2-0567:1,2-0115:1,2-2419:1,2-1057:1,2-1334:1,2-0028:1,2-0029:1,2-1187:1,2-0328:1,2-0001:1,2-1151:1,2-0018:1,2-0008:1,2-0254:1,2-1804:1,2-0314:1,3-0462:1,3-0248:1,3-0592:1,3-0014:1,3-0001:1,3-0551:1,3-0238:1,3-0411:1
73,1-0001:12,1-0002:9,1-0014:7,1-0009:7,1-0028:6,1-0223:5,1-0049:4,1-0054:4,1-0017:4,1-0013:4,1-0041:4,1-0751:4,1-0345:4,1-0007:4,1-0020:4,1-0031:3,1-0095:3,1-0015:3,1-0039:3,1-0024:3,1-0061:3,1-0070:3,1-0011:3,1-0005:3,1-0008:3,1-0112:2,1-0046:2,1-0183:2,1-0042:2,1-0087:2,1-0131:2,1-0192:2,1-0029:2,1-0146:2,1-0034:2,1-0027:2,1-0043:2,1-0003:2,1-0088:2,1-0077:2,1-0176:2,1-0030:1,1-0122:1,1-0048:1,1-1157:1,1-0952:1,1-0038:1,1-0076:1,1-0053:1,1-0056:1,1-0069:1,1-0420:1,1-0214:1,1-0208:1,1-0067:1,1-0094:1,1-0035:1,1-0033:1,1-0091:1,1-0290:1,1-1226:1,1-0032:1,1-1380:1,1-0058:1,1-0230:1,1-0044:1,1-0288:1,1-0175:1,1-0045:1,1-0204:1,1-0132:1,1-2272:1,1-0487:1,1-0222:1,1-0148:1,1-0052:1,1-0414:1,1-0145:1,1-0006:1,1-0126:1,1-0116:1,2-0007:5,2-0003:4,2-0002:3,2-0001:3,2-0573:2,2-0006:2,2-0004:2,2-0587:2,2-0107:1,2-0011:1,2-0294:1,2-0062:1,2-0864:1,2-0005:1,2-1087:1,2-0213:1,2-0016:1,2-1630:1,2-0090:1,2-0880:1,2-0012:1,2-0804:1,2-0013:1,2-1644:1,2-1744:1,2-1551:1,2-1746:1,3-0001:3,3-0067:2,3-0291:1,3-0379:1,3-0288:1,3-0400:1,3-0273:1
74,1-0028:2,1-0771:1,1-0010:1,1-0094:1,1-0256:1,1-0018:1,1-0058:1,1-0444:1,1-0039:1,1-1139:1,1-0014:1,1-0514:1,1-0062:1,1-0003:1,1-0155:1,2-0681:1,2-0009:1,2-0025:1
75,1-0002:14,1-0001:8,1-0062:7,1-0003:7,1-0034:5,1-0006:5,1-0054:5,1-0015:5,1-0004:4,1-0069:4,1-0012:4,1-0017:3,1-0118:3,1-0140:3,1-0027:3,1-0143:3,1-0033:3,1-0011:3,1-0048:2,1-0046:2,1-0123:2,1-0053:2,1-0067:2,1-0041:2,1-0083:2,1-0206:2,1-0116:2,1-0606:2,1-0047:2,1-0183:2,1-0113:2,1-0042:2,1-0036:2,1-0039:2,1-0024:2,1-0249:2,1-0618:2,1-0334:2,1-0019:2,1-0007:2,1-0009:2,1-0008:2,1-0265:1,1-2084:1,1-0378:1,1-0282:1,1-0049:1,1-0163:1,1-2092:1,1-0225:1,1-0124:1,1-0068:1,1-0236:1,1-0544:1,1-0300:1,1-0028:1,1-0079:1,1-0026:1,1-2380:1,1-0682:1,1-0106:1,1-2106:1,1-0245:1,1-1361:1,1-1362:1,1-0335:1,1-0091:1,1-1953:1,1-0528:1,1-0157:1,1-0629:1,1-1044:1,1-0611:1,1-0530:1,1-0055:1,1-0058:1,1-0856:1,1-0276:1,1-1384:1,1-0738:1,1-0097:1,1-0239:1,1-0242:1,1-1052:1,1-0191:1,1-0613:1,1-0293:1,1-0393:1,1-1311:1,1-0020:1,1-0283:1,1-1057:1,1-1693:1,1-0109:1,1-0056:1,1-0205:1,1-0072:1,1-0037:1,1-0159:1,1-0635:1,1-0417:1,1-0484:1,1-0018:1,1-0556:1,1-0311:1,1-0764:1,1-0595:1,1-0115:1,1-0051:1,1-1731:1,1-0666:1,1-1887:1,1-1325:1,1-1593:1,1-0849:1,1-2482:1,1-2194:1,1-1603:1,1-0505:1,1-0327:1,1-0589:1,1-0339:1,1-0268:1,1-2363:1,1-2364:1,1-0305:1,1-0476:1,2-0084:2,2-0041:2,2-0001:2,2-1380:1,2-1531:1,2-0083:1,2-0295:1,2-0512:1,2-1272:1,2-2545:1,2-1025:1,2-1338:1,2-0004:1,2-2180:1,2-1853:1,2-0954:1,2-2306:1,2-1614:1,2-2313:1,2-1977:1,2-2624:1,2-0003:1,2-0168:1,2-0542:1,2-0460:1,2-2064:1,2-0906:1,2-0516:1,2-2207:1,2-1243:1,2-1631:1,2-2214:1,2-1523:1,2-1443:1,2-2647:1,2-1836:1,3-0072:2,3-0487:1,3-0387:1,3-0217:1,3-0469:1,3-0221:1,3-0167:1,3-0029:1
