number-of-thought-unit,percentage-of-thought-unit-wine,percentage-of-thought-unit-grocery,wine-is-East-Asian,percentage-of-(MIN)-overall,percentage-of-(MIC)-overall,percentage-of-(IDP)-overall,percentage-of-(IDN)-overall,percentage-of-(RT)-overall,percentage-of-(PP)-overall,percentage-of-(RP)-overall,percentage-of-(PW)-overall,percentage-of-(PT)-overall,percentage-of-(PX)-overall,percentage-of-(PC)-overall,percentage-of-(TH)-overall,percentage-of-(RN)-overall,percentage-of-(PO)-overall,percentage-of-(PM)-overall,percentage-of-(P1)-overall,percentage-of-(IP)-overall,percentage-of-(IS)-overall,percentage-of-(IR)-overall,percentage-of-(OM)-overall,percentage-of-(GD)-overall,percentage-of-(ESBR)-overall,percentage-of-(CS)-overall,percentage-of-(MINEG)-overall,percentage-of-(IB)-overall,percentage-of-(SBR)-overall,percentage-of-(QP)-overall,percentage-of-(QS)-overall,percentage-of-(QR)-overall,percentage-of-(QM)-overall,percentage-of-(INP)-overall,percentage-of-(MU)-overall,percentage-of-(INN)-overall,percentage-of-(QB)-overall,percentage-of-(SBE)-overall,percentage-of-(OT)-overall,percentage-of-(OS)-overall,percentage-of-(SF)-overall,percentage-of-(MIN)-wine,percentage-of-(MIC)-wine,percentage-of-(IDP)-wine,percentage-of-(IDN)-wine,percentage-of-(RT)-wine,percentage-of-(PP)-wine,percentage-of-(RP)-wine,percentage-of-(PW)-wine,percentage-of-(PT)-wine,percentage-of-(PX)-wine,percentage-of-(PC)-wine,percentage-of-(TH)-wine,percentage-of-(RN)-wine,percentage-of-(PO)-wine,percentage-of-(PM)-wine,percentage-of-(P1)-wine,percentage-of-(IP)-wine,percentage-of-(IS)-wine,percentage-of-(IR)-wine,percentage-of-(OM)-wine,percentage-of-(GD)-wine,percentage-of-(ESBR)-wine,percentage-of-(CS)-wine,percentage-of-(MINEG)-wine,percentage-of-(IB)-wine,percentage-of-(SBR)-wine,percentage-of-(QP)-wine,percentage-of-(QS)-wine,percentage-of-(QR)-wine,percentage-of-(QM)-wine,percentage-of-(INP)-wine,percentage-of-(MU)-wine,percentage-of-(INN)-wine,percentage-of-(QB)-wine,percentage-of-(SBE)-wine,percentage-of-(OT)-wine,percentage-of-(OS)-wine,percentage-of-(SF)-wine,percentage-of-(MIN)-grocery,percentage-of-(MIC)-grocery,percentage-of-(IDP)-grocery,percentage-of-(IDN)-grocery,percentage-of-(RT)-grocery,percentage-of-(PP)-grocery,percentage-of-(RP)-grocery,percentage-of-(PW)-grocery,percentage-of-(PT)-grocery,percentage-of-(PX)-grocery,percentage-of-(PC)-grocery,percentage-of-(TH)-grocery,percentage-of-(RN)-grocery,percentage-of-(PO)-grocery,percentage-of-(PM)-grocery,percentage-of-(P1)-grocery,percentage-of-(IP)-grocery,percentage-of-(IS)-grocery,percentage-of-(IR)-grocery,percentage-of-(OM)-grocery,percentage-of-(GD)-grocery,percentage-of-(ESBR)-grocery,percentage-of-(CS)-grocery,percentage-of-(MINEG)-grocery,percentage-of-(IB)-grocery,percentage-of-(SBR)-grocery,percentage-of-(QP)-grocery,percentage-of-(QS)-grocery,percentage-of-(QR)-grocery,percentage-of-(QM)-grocery,percentage-of-(INP)-grocery,percentage-of-(MU)-grocery,percentage-of-(INN)-grocery,percentage-of-(QB)-grocery,percentage-of-(SBE)-grocery,percentage-of-(OT)-grocery,percentage-of-(OS)-grocery,percentage-of-(SF)-grocery,JS-divergence
240,0.520833333333,0.479166666667,True,0.25,0.0958333333333,0,0.00833333333333,0,0.0166666666667,0.0166666666667,0,0,0,0.0166666666667,0,0.0125,0.0291666666667,0.0208333333333,0.0166666666667,0.0666666666667,0,0.00833333333333,0.025,0,0,0,0,0.00416666666667,0.283333333333,0.0333333333333,0.00833333333333,0,0.05,0,0.00416666666667,0.0208333333333,0,0,0,0.0125,0,0.264,0.096,0,0.008,0,0.008,0.024,0,0,0,0.016,0,0.024,0.032,0.016,0.016,0.064,0,0.008,0.016,0,0,0,0,0.0,0.304,0.032,0.016,0,0.048,0,0.0,0.008,0,0,0,0.0,0,0.234782608696,0.095652173913,0,0.00869565217391,0,0.0260869565217,0.00869565217391,0,0,0,0.0173913043478,0,0.0,0.0260869565217,0.0260869565217,0.0173913043478,0.0695652173913,0,0.00869565217391,0.0347826086957,0,0,0,0,0.00869565217391,0.260869565217,0.0347826086957,0.0,0,0.0521739130435,0,0.00869565217391,0.0347826086957,0,0,0,0.0260869565217,0,0.0235434602741
196,0.545918367347,0.454081632653,False,0.0867346938776,0.102040816327,0,0.00510204081633,0,0.030612244898,0.0255102040816,0,0,0,0.015306122449,0,0.030612244898,0,0.0102040816327,0.00510204081633,0.158163265306,0,0,0.0357142857143,0,0,0.0255102040816,0,0.00510204081633,0.285714285714,0.0612244897959,0.0102040816327,0,0.0510204081633,0.0204081632653,0.00510204081633,0.0102040816327,0,0,0,0.0204081632653,0,0.102803738318,0.0747663551402,0,0.00934579439252,0,0.0280373831776,0.00934579439252,0,0,0,0.00934579439252,0,0.0280373831776,0,0.00934579439252,0.00934579439252,0.140186915888,0,0,0.0373831775701,0,0,0.0373831775701,0,0.0,0.327102803738,0.0467289719626,0.0,0,0.0467289719626,0.0280373831776,0.00934579439252,0.018691588785,0,0,0,0.0280373831776,0,0.0674157303371,0.134831460674,0,0.0,0,0.0337078651685,0.0449438202247,0,0,0,0.0224719101124,0,0.0337078651685,0,0.0112359550562,0.0,0.179775280899,0,0,0.0337078651685,0,0,0.0112359550562,0,0.0112359550562,0.23595505618,0.0786516853933,0.0224719101124,0,0.0561797752809,0.0112359550562,0.0,0.0,0,0,0,0.0112359550562,0,0.0522735450629
82,0.487804878049,0.512195121951,False,0.170731707317,0.0853658536585,0,0,0,0.0365853658537,0.0365853658537,0,0,0,0.0243902439024,0,0.0121951219512,0.0243902439024,0,0,0.0853658536585,0,0.109756097561,0.0243902439024,0,0,0,0,0,0.0243902439024,0.0487804878049,0,0.0609756097561,0.0731707317073,0,0,0,0,0,0.146341463415,0.0365853658537,0,0.125,0.15,0,0,0,0.05,0.05,0,0,0,0.05,0,0.0,0.0,0,0,0.025,0,0.05,0.025,0,0,0,0,0,0.0,0.05,0,0.075,0.125,0,0,0,0,0,0.15,0.075,0,0.214285714286,0.0238095238095,0,0,0,0.0238095238095,0.0238095238095,0,0,0,0.0,0,0.0238095238095,0.047619047619,0,0,0.142857142857,0,0.166666666667,0.0238095238095,0,0,0,0,0,0.047619047619,0.047619047619,0,0.047619047619,0.0238095238095,0,0,0,0,0,0.142857142857,0.0,0,0.183682759047
195,0.410256410256,0.589743589744,True,0.128205128205,0.0512820512821,0.00512820512821,0.00512820512821,0,0.0307692307692,0.0153846153846,0,0,0,0.025641025641,0,0.0564102564103,0.0153846153846,0.00512820512821,0,0.0923076923077,0,0,0.0871794871795,0,0,0.00512820512821,0,0.0153846153846,0.266666666667,0.0358974358974,0.025641025641,0,0.0564102564103,0,0,0.00512820512821,0,0,0.0410256410256,0.0153846153846,0.0153846153846,0.15,0.025,0.0,0.0125,0,0.0375,0.0125,0,0,0,0.025,0,0.075,0.0,0.0,0,0.1125,0,0,0.075,0,0,0.0125,0,0.0125,0.25,0.0125,0.025,0,0.1,0,0,0.0,0,0,0.0375,0.0125,0.0125,0.113043478261,0.0695652173913,0.00869565217391,0.0,0,0.0260869565217,0.0173913043478,0,0,0,0.0260869565217,0,0.0434782608696,0.0260869565217,0.00869565217391,0,0.0782608695652,0,0,0.095652173913,0,0,0.0,0,0.0173913043478,0.278260869565,0.0521739130435,0.0260869565217,0,0.0260869565217,0,0,0.00869565217391,0,0,0.0434782608696,0.0173913043478,0.0173913043478,0.0567429306018
152,0.453947368421,0.546052631579,True,0.164473684211,0.0460526315789,0.0131578947368,0,0.00657894736842,0.00657894736842,0.0328947368421,0,0,0,0.0197368421053,0,0.0131578947368,0.0263157894737,0.0131578947368,0.0460526315789,0.0986842105263,0,0.0263157894737,0.0328947368421,0,0,0,0.00657894736842,0,0.230263157895,0.0328947368421,0,0,0.0855263157895,0,0,0,0,0,0.00657894736842,0.0789473684211,0.0131578947368,0.202898550725,0.0144927536232,0.0144927536232,0,0.0,0.0,0.0579710144928,0,0,0,0.0289855072464,0,0.0144927536232,0.0,0.0,0.0579710144928,0.0869565217391,0,0.0434782608696,0.0289855072464,0,0,0,0.0,0,0.202898550725,0.0579710144928,0,0,0.101449275362,0,0,0,0,0,0.0,0.0869565217391,0.0,0.132530120482,0.0722891566265,0.0120481927711,0,0.0120481927711,0.0120481927711,0.0120481927711,0,0,0,0.0120481927711,0,0.0120481927711,0.0481927710843,0.0240963855422,0.0361445783133,0.10843373494,0,0.0120481927711,0.0361445783133,0,0,0,0.0120481927711,0,0.253012048193,0.0120481927711,0,0,0.0722891566265,0,0,0,0,0,0.0120481927711,0.0722891566265,0.0240963855422,0.0789406258197
146,0.5,0.5,False,0.0684931506849,0.0821917808219,0,0.00684931506849,0,0.013698630137,0.041095890411,0,0,0,0.0205479452055,0,0,0.0205479452055,0.013698630137,0.027397260274,0.0821917808219,0,0.0342465753425,0.041095890411,0,0,0,0.00684931506849,0.013698630137,0.328767123288,0.0205479452055,0.041095890411,0.00684931506849,0.0684931506849,0.00684931506849,0,0,0,0,0,0.0547945205479,0,0.0821917808219,0.041095890411,0,0.013698630137,0,0.027397260274,0.013698630137,0,0,0,0.013698630137,0,0,0.041095890411,0.013698630137,0.027397260274,0.0958904109589,0,0.041095890411,0.0821917808219,0,0,0,0.013698630137,0.013698630137,0.315068493151,0.027397260274,0.0,0.013698630137,0.041095890411,0.0,0,0,0,0,0,0.0821917808219,0,0.0547945205479,0.123287671233,0,0.0,0,0.0,0.0684931506849,0,0,0,0.027397260274,0,0,0.0,0.013698630137,0.027397260274,0.0684931506849,0,0.027397260274,0.0,0,0,0,0.0,0.013698630137,0.342465753425,0.013698630137,0.0821917808219,0.0,0.0958904109589,0.013698630137,0,0,0,0,0,0.027397260274,0,0.0721507800745
139,0.561151079137,0.438848920863,True,0.136690647482,0.0287769784173,0,0.00719424460432,0,0.0503597122302,0.0287769784173,0,0,0,0,0,0.0431654676259,0.00719424460432,0.00719424460432,0.00719424460432,0.0935251798561,0,0.0287769784173,0.0791366906475,0,0,0,0,0.0431654676259,0.294964028777,0.0575539568345,0.0287769784173,0,0.0359712230216,0,0,0.00719424460432,0,0,0,0.0143884892086,0,0.128205128205,0.025641025641,0,0.0,0,0.0384615384615,0.0,0,0,0,0,0,0.0769230769231,0.0,0.0,0.0,0.115384615385,0,0.0128205128205,0.0769230769231,0,0,0,0,0.0769230769231,0.333333333333,0.0128205128205,0.0512820512821,0,0.025641025641,0,0,0.0,0,0,0,0.025641025641,0,0.147540983607,0.0327868852459,0,0.016393442623,0,0.0655737704918,0.0655737704918,0,0,0,0,0,0.0,0.016393442623,0.016393442623,0.016393442623,0.0655737704918,0,0.0491803278689,0.0819672131148,0,0,0,0,0.0,0.245901639344,0.114754098361,0.0,0,0.0491803278689,0,0,0.016393442623,0,0,0,0.0,0,0.0785272025279
202,0.430693069307,0.569306930693,True,0.143564356436,0.128712871287,0.0049504950495,0,0,0.0346534653465,0.00990099009901,0,0,0.0148514851485,0.0049504950495,0,0.0049504950495,0.00990099009901,0.019801980198,0.00990099009901,0.0940594059406,0,0.029702970297,0.0346534653465,0,0,0,0.0049504950495,0,0.143564356436,0.0742574257426,0.029702970297,0.0247524752475,0.0792079207921,0.0049504950495,0,0.00990099009901,0,0,0.0049504950495,0.0742574257426,0.0049504950495,0.126436781609,0.114942528736,0.0,0,0,0.0344827586207,0.0229885057471,0,0,0.0344827586207,0.0,0,0.0114942528736,0.0114942528736,0.0229885057471,0.0,0.0804597701149,0,0.0344827586207,0.0459770114943,0,0,0,0.0,0,0.103448275862,0.103448275862,0.0459770114943,0.0344827586207,0.114942528736,0.0,0,0.0,0,0,0.0114942528736,0.0459770114943,0.0,0.15652173913,0.139130434783,0.00869565217391,0,0,0.0347826086957,0.0,0,0,0.0,0.00869565217391,0,0.0,0.00869565217391,0.0173913043478,0.0173913043478,0.104347826087,0,0.0260869565217,0.0260869565217,0,0,0,0.00869565217391,0,0.173913043478,0.0521739130435,0.0173913043478,0.0173913043478,0.0521739130435,0.00869565217391,0,0.0173913043478,0,0,0.0,0.095652173913,0.00869565217391,0.0500243870589
158,0.620253164557,0.379746835443,False,0.0949367088608,0.0506329113924,0.0189873417722,0.0253164556962,0,0.0253164556962,0.0316455696203,0,0.00632911392405,0,0.0189873417722,0,0,0.0189873417722,0.0189873417722,0.0253164556962,0.132911392405,0,0.0126582278481,0.00632911392405,0,0,0,0.00632911392405,0,0.322784810127,0.0632911392405,0.00632911392405,0,0.0569620253165,0,0.00632911392405,0,0.00632911392405,0,0,0.0443037974684,0,0.0816326530612,0.0510204081633,0.030612244898,0.0204081632653,0,0.030612244898,0.0204081632653,0,0.0102040816327,0,0.0204081632653,0,0,0.0204081632653,0.0204081632653,0.030612244898,0.122448979592,0,0.0204081632653,0.0102040816327,0,0,0,0.0102040816327,0,0.367346938776,0.0510204081633,0.0,0,0.0408163265306,0,0.0,0,0.0102040816327,0,0,0.030612244898,0,0.116666666667,0.05,0.0,0.0333333333333,0,0.0166666666667,0.05,0,0.0,0,0.0166666666667,0,0,0.0166666666667,0.0166666666667,0.0166666666667,0.15,0,0.0,0.0,0,0,0,0.0,0,0.25,0.0833333333333,0.0166666666667,0,0.0833333333333,0,0.0166666666667,0,0.0,0,0,0.0666666666667,0,0.0411784381593
162,0.567901234568,0.432098765432,False,0.234567901235,0.0246913580247,0,0.00617283950617,0,0.0123456790123,0.037037037037,0,0.00617283950617,0,0.0185185185185,0,0.0185185185185,0.0185185185185,0,0.0123456790123,0.0555555555556,0.00617283950617,0.0740740740741,0.0617283950617,0,0,0,0,0,0.123456790123,0.0679012345679,0.0308641975309,0.0555555555556,0.0864197530864,0,0,0.0308641975309,0,0,0.0185185185185,0,0,0.29347826087,0.0,0,0.0108695652174,0,0.0,0.0217391304348,0,0.0108695652174,0,0.0108695652174,0,0.0217391304348,0.0108695652174,0,0.0,0.054347826087,0.0108695652174,0.054347826087,0.0760869565217,0,0,0,0,0,0.108695652174,0.0760869565217,0.0326086956522,0.054347826087,0.0869565217391,0,0,0.0326086956522,0,0,0.0326086956522,0,0,0.157142857143,0.0571428571429,0,0.0,0,0.0285714285714,0.0571428571429,0,0.0,0,0.0285714285714,0,0.0142857142857,0.0285714285714,0,0.0285714285714,0.0571428571429,0.0,0.1,0.0428571428571,0,0,0,0,0,0.142857142857,0.0571428571429,0.0285714285714,0.0571428571429,0.0857142857143,0,0,0.0285714285714,0,0,0.0,0,0,0.047720074826
220,0.472727272727,0.527272727273,False,0.368181818182,0.0863636363636,0,0.00909090909091,0.00909090909091,0.0363636363636,0.0363636363636,0,0.00454545454545,0,0.0181818181818,0,0.0136363636364,0.0136363636364,0,0.0272727272727,0.0818181818182,0,0.0227272727273,0.0318181818182,0,0,0.00909090909091,0,0,0.0909090909091,0.0272727272727,0.00454545454545,0.00909090909091,0.05,0.0136363636364,0.00454545454545,0.0136363636364,0,0,0,0.0136363636364,0.00454545454545,0.413461538462,0.0673076923077,0,0.00961538461538,0.0192307692308,0.0192307692308,0.0480769230769,0,0.00961538461538,0,0.00961538461538,0,0.00961538461538,0.0192307692308,0,0.0192307692308,0.0673076923077,0,0.0288461538462,0.0192307692308,0,0,0.0,0,0,0.0576923076923,0.0192307692308,0.0,0.0192307692308,0.0961538461538,0.0192307692308,0.0,0.0192307692308,0,0,0,0.00961538461538,0.0,0.327586206897,0.103448275862,0,0.00862068965517,0.0,0.051724137931,0.0258620689655,0,0.0,0,0.0258620689655,0,0.0172413793103,0.00862068965517,0,0.0344827586207,0.0948275862069,0,0.0172413793103,0.0431034482759,0,0,0.0172413793103,0,0,0.120689655172,0.0344827586207,0.00862068965517,0.0,0.00862068965517,0.00862068965517,0.00862068965517,0.00862068965517,0,0,0,0.0172413793103,0.00862068965517,0.0960166955036
121,0.438016528926,0.561983471074,False,0.107438016529,0.0909090909091,0,0.00826446280992,0,0.00826446280992,0.0413223140496,0,0,0,0.00826446280992,0,0.00826446280992,0,0.00826446280992,0.0165289256198,0.115702479339,0,0.00826446280992,0.00826446280992,0,0,0.0413223140496,0,0.0247933884298,0.181818181818,0.0826446280992,0.0413223140496,0,0.0330578512397,0.0165289256198,0.00826446280992,0,0,0,0.0661157024793,0.0661157024793,0.00826446280992,0.11320754717,0.11320754717,0,0.0,0,0.0188679245283,0.0377358490566,0,0,0,0.0188679245283,0,0.0,0,0.0188679245283,0.0,0.132075471698,0,0.0188679245283,0.0188679245283,0,0,0.0188679245283,0,0.0377358490566,0.169811320755,0.0943396226415,0.0,0,0.0,0.0,0.0,0,0,0,0.0754716981132,0.0943396226415,0.0188679245283,0.102941176471,0.0735294117647,0,0.0147058823529,0,0.0,0.0441176470588,0,0,0,0.0,0,0.0147058823529,0,0.0,0.0294117647059,0.102941176471,0,0.0,0.0,0,0,0.0588235294118,0,0.0147058823529,0.191176470588,0.0735294117647,0.0735294117647,0,0.0588235294118,0.0294117647059,0.0147058823529,0,0,0,0.0588235294118,0.0441176470588,0.0,0.0311670701812
140,0.357142857143,0.642857142857,True,0.0928571428571,0.0785714285714,0.0142857142857,0.0214285714286,0,0.0214285714286,0.0285714285714,0,0,0,0.0214285714286,0,0.0142857142857,0.00714285714286,0.0214285714286,0.0214285714286,0.128571428571,0,0.0142857142857,0.0571428571429,0,0,0,0.0428571428571,0,0.207142857143,0.0357142857143,0.00714285714286,0.00714285714286,0.0428571428571,0.00714285714286,0,0.0142857142857,0,0,0.0142857142857,0.0714285714286,0.00714285714286,0.14,0.04,0.0,0.0,0,0.02,0.04,0,0,0,0.0,0,0.0,0.0,0.02,0.06,0.08,0,0.04,0.06,0,0,0,0.02,0,0.24,0.02,0.0,0.0,0.1,0.0,0,0.02,0,0,0.0,0.1,0.0,0.0666666666667,0.1,0.0222222222222,0.0333333333333,0,0.0222222222222,0.0222222222222,0,0,0,0.0333333333333,0,0.0222222222222,0.0111111111111,0.0222222222222,0.0,0.155555555556,0,0.0,0.0555555555556,0,0,0,0.0555555555556,0,0.188888888889,0.0444444444444,0.0111111111111,0.0111111111111,0.0111111111111,0.0111111111111,0,0.0111111111111,0,0,0.0222222222222,0.0555555555556,0.0111111111111,0.101110424165
445,0.516853932584,0.483146067416,True,0.188764044944,0.0539325842697,0,0.00224719101124,0,0.00898876404494,0.0134831460674,0.00224719101124,0.00224719101124,0,0.00449438202247,0,0.00898876404494,0.00449438202247,0.0157303370787,0.0112359550562,0.076404494382,0,0.00449438202247,0.038202247191,0,0,0,0.0202247191011,0.0112359550562,0.368539325843,0.0292134831461,0.0157303370787,0.00224719101124,0.0449438202247,0.0112359550562,0.00224719101124,0,0,0,0,0.0494382022472,0.00898876404494,0.217391304348,0.0347826086957,0,0.0,0,0.00434782608696,0.0217391304348,0.0,0.0,0,0.0,0,0.00869565217391,0.00869565217391,0.0130434782609,0.00869565217391,0.0826086956522,0,0.00869565217391,0.0304347826087,0,0,0,0.0173913043478,0.0173913043478,0.404347826087,0.0173913043478,0.00869565217391,0.0,0.0391304347826,0.0,0.00434782608696,0,0,0,0,0.0478260869565,0.00434782608696,0.158139534884,0.0744186046512,0,0.0046511627907,0,0.0139534883721,0.0046511627907,0.0046511627907,0.0046511627907,0,0.0093023255814,0,0.0093023255814,0.0,0.0186046511628,0.0139534883721,0.0697674418605,0,0.0,0.046511627907,0,0,0,0.0232558139535,0.0046511627907,0.33023255814,0.0418604651163,0.0232558139535,0.0046511627907,0.0511627906977,0.0232558139535,0.0,0,0,0,0,0.0511627906977,0.0139534883721,0.0399602413582
89,0.393258426966,0.606741573034,False,0.179775280899,0.0224719101124,0,0,0.0112359550562,0.0112359550562,0.0449438202247,0,0,0,0.0449438202247,0,0,0.0449438202247,0,0.0224719101124,0.14606741573,0,0.0786516853933,0.0786516853933,0,0,0,0.0112359550562,0,0.0224719101124,0.0674157303371,0,0,0.0561797752809,0.0112359550562,0,0,0,0,0.112359550562,0.0337078651685,0,0.142857142857,0.0,0,0,0.0,0.0,0.0571428571429,0,0,0,0.0571428571429,0,0,0.0571428571429,0,0.0571428571429,0.2,0,0.0857142857143,0.0857142857143,0,0,0,0.0,0,0.0285714285714,0.0571428571429,0,0,0.0,0.0,0,0,0,0,0.171428571429,0.0,0,0.203703703704,0.037037037037,0,0,0.0185185185185,0.0185185185185,0.037037037037,0,0,0,0.037037037037,0,0,0.037037037037,0,0.0,0.111111111111,0,0.0740740740741,0.0740740740741,0,0,0,0.0185185185185,0,0.0185185185185,0.0740740740741,0,0,0.0925925925926,0.0185185185185,0,0,0,0,0.0740740740741,0.0555555555556,0,0.0420906188835
135,0.533333333333,0.466666666667,False,0.133333333333,0.118518518519,0,0.0222222222222,0,0.00740740740741,0.0222222222222,0,0,0,0.0222222222222,0,0.00740740740741,0.0518518518519,0.0148148148148,0.0148148148148,0.0962962962963,0,0.0592592592593,0.0148148148148,0,0,0,0,0.00740740740741,0.037037037037,0.0444444444444,0,0.0148148148148,0.0222222222222,0.00740740740741,0.00740740740741,0.00740740740741,0,0,0.237037037037,0.0296296296296,0,0.111111111111,0.111111111111,0,0.0138888888889,0,0.0138888888889,0.0277777777778,0,0,0,0.0138888888889,0,0.0,0.0694444444444,0.0277777777778,0.0277777777778,0.0833333333333,0,0.0694444444444,0.0138888888889,0,0,0,0,0.0,0.0277777777778,0.0277777777778,0,0.0277777777778,0.0138888888889,0.0,0.0138888888889,0.0138888888889,0,0,0.277777777778,0.0138888888889,0,0.15873015873,0.126984126984,0,0.031746031746,0,0.0,0.015873015873,0,0,0,0.031746031746,0,0.015873015873,0.031746031746,0.0,0.0,0.111111111111,0,0.047619047619,0.015873015873,0,0,0,0,0.015873015873,0.047619047619,0.0634920634921,0,0.0,0.031746031746,0.015873015873,0.0,0.0,0,0,0.190476190476,0.047619047619,0,0.0501109388814
128,0.5703125,0.4296875,False,0.1171875,0.015625,0,0.015625,0,0.015625,0.046875,0,0,0,0.0078125,0,0.0390625,0.015625,0.0078125,0.0234375,0.125,0,0,0.0625,0.015625,0,0,0.015625,0,0.2578125,0.015625,0.0078125,0,0.1171875,0,0,0.0078125,0,0,0.0078125,0.0625,0,0.0958904109589,0.027397260274,0,0.013698630137,0,0.013698630137,0.027397260274,0,0,0,0.013698630137,0,0.041095890411,0.027397260274,0.013698630137,0.0,0.123287671233,0,0,0.0684931506849,0.013698630137,0,0,0.013698630137,0,0.27397260274,0.013698630137,0.0,0,0.164383561644,0,0,0.0,0,0,0.013698630137,0.041095890411,0,0.145454545455,0.0,0,0.0181818181818,0,0.0181818181818,0.0727272727273,0,0,0,0.0,0,0.0363636363636,0.0,0.0,0.0545454545455,0.127272727273,0,0,0.0545454545455,0.0181818181818,0,0,0.0181818181818,0,0.236363636364,0.0181818181818,0.0181818181818,0,0.0545454545455,0,0,0.0181818181818,0,0,0.0,0.0909090909091,0,0.0524207100508
136,0.558823529412,0.441176470588,False,0.139705882353,0.0808823529412,0,0,0.00735294117647,0.00735294117647,0.0294117647059,0,0,0,0.0294117647059,0,0.0147058823529,0.00735294117647,0,0.0147058823529,0.125,0.00735294117647,0.0294117647059,0.0514705882353,0,0,0,0.00735294117647,0.00735294117647,0.301470588235,0.00735294117647,0,0.00735294117647,0.0367647058824,0.0147058823529,0.00735294117647,0,0.00735294117647,0.0147058823529,0,0.0367647058824,0.00735294117647,0.118421052632,0.0921052631579,0,0,0.0131578947368,0.0,0.0263157894737,0,0,0,0.0526315789474,0,0.0,0.0131578947368,0,0.0263157894737,0.197368421053,0.0,0.0131578947368,0.0131578947368,0,0,0,0.0131578947368,0.0,0.315789473684,0.0131578947368,0,0.0,0.0131578947368,0.0131578947368,0.0131578947368,0,0.0,0.0,0,0.0394736842105,0.0131578947368,0.166666666667,0.0666666666667,0,0,0.0,0.0166666666667,0.0333333333333,0,0,0,0.0,0,0.0333333333333,0.0,0,0.0,0.0333333333333,0.0166666666667,0.05,0.1,0,0,0,0.0,0.0166666666667,0.283333333333,0.0,0,0.0166666666667,0.0666666666667,0.0166666666667,0.0,0,0.0166666666667,0.0333333333333,0,0.0333333333333,0.0,0.138026646205
57,0.526315789474,0.473684210526,False,0.298245614035,0.0877192982456,0,0.0175438596491,0,0,0.122807017544,0,0,0,0.0350877192982,0,0,0,0.0175438596491,0,0.210526315789,0,0.0175438596491,0,0,0,0,0,0,0.0350877192982,0.0175438596491,0,0,0.0526315789474,0,0,0,0,0,0,0.0701754385965,0.0175438596491,0.3,0.133333333333,0,0.0,0,0,0.0333333333333,0,0,0,0.0333333333333,0,0,0,0.0,0,0.233333333333,0,0.0333333333333,0,0,0,0,0,0,0.0666666666667,0.0,0,0,0.0333333333333,0,0,0,0,0,0,0.133333333333,0.0,0.296296296296,0.037037037037,0,0.037037037037,0,0,0.222222222222,0,0,0,0.037037037037,0,0,0,0.037037037037,0,0.185185185185,0,0.0,0,0,0,0,0,0,0.0,0.037037037037,0,0,0.0740740740741,0,0,0,0,0,0,0.0,0.037037037037,0.114173782899
191,0.492146596859,0.507853403141,True,0.141361256545,0.0471204188482,0,0.00523560209424,0.0157068062827,0.00523560209424,0.0418848167539,0,0.0104712041885,0,0.00523560209424,0,0.0837696335079,0.0261780104712,0,0.0157068062827,0.104712041885,0,0.0471204188482,0.146596858639,0,0,0,0.00523560209424,0.0104712041885,0.0314136125654,0.0837696335079,0.00523560209424,0.0471204188482,0.0471204188482,0.00523560209424,0,0.00523560209424,0.00523560209424,0,0.0366492146597,0.020942408377,0,0.170212765957,0.0425531914894,0,0.0,0.0212765957447,0.0,0.031914893617,0,0.0106382978723,0,0.0106382978723,0,0.0957446808511,0.0,0,0.0212765957447,0.117021276596,0,0.0531914893617,0.117021276596,0,0,0,0.0,0.0,0.031914893617,0.106382978723,0.0,0.0425531914894,0.0531914893617,0.0,0,0.0,0.0106382978723,0,0.031914893617,0.031914893617,0,0.113402061856,0.0515463917526,0,0.0103092783505,0.0103092783505,0.0103092783505,0.0515463917526,0,0.0103092783505,0,0.0,0,0.0721649484536,0.0515463917526,0,0.0103092783505,0.0927835051546,0,0.0412371134021,0.175257731959,0,0,0,0.0103092783505,0.020618556701,0.0309278350515,0.0618556701031,0.0103092783505,0.0515463917526,0.0412371134021,0.0103092783505,0,0.0103092783505,0.0,0,0.0412371134021,0.0103092783505,0,0.0314243026454
147,0.605442176871,0.394557823129,False,0.0884353741497,0.115646258503,0,0,0,0.0340136054422,0.0136054421769,0,0,0,0.0272108843537,0,0.0408163265306,0.0136054421769,0.00680272108844,0.0136054421769,0.0748299319728,0,0.0136054421769,0.0272108843537,0,0,0,0.00680272108844,0.0136054421769,0.421768707483,0.0204081632653,0.00680272108844,0,0,0,0.00680272108844,0,0,0,0.00680272108844,0.0340136054422,0.0136054421769,0.0786516853933,0.0674157303371,0,0,0,0.0449438202247,0.0224719101124,0,0,0,0.0224719101124,0,0.0561797752809,0.0112359550562,0.0,0.0,0.0898876404494,0,0.0224719101124,0.0,0,0,0,0.0112359550562,0.0112359550562,0.505617977528,0.0112359550562,0.0,0,0,0,0.0112359550562,0,0,0,0.0,0.0112359550562,0.0224719101124,0.103448275862,0.189655172414,0,0,0,0.0172413793103,0.0,0,0,0,0.0344827586207,0,0.0172413793103,0.0172413793103,0.0172413793103,0.0344827586207,0.051724137931,0,0.0,0.0689655172414,0,0,0,0.0,0.0172413793103,0.293103448276,0.0344827586207,0.0172413793103,0,0,0,0.0,0,0,0,0.0172413793103,0.0689655172414,0.0,0.105063878875
140,0.321428571429,0.678571428571,True,0.257142857143,0.121428571429,0,0.00714285714286,0,0.0142857142857,0.0571428571429,0,0,0,0.00714285714286,0,0.00714285714286,0,0,0.0285714285714,0.135714285714,0,0.0214285714286,0,0,0,0,0,0,0.1,0.05,0.00714285714286,0,0.0285714285714,0.0214285714286,0,0,0,0,0.0642857142857,0.0714285714286,0,0.2,0.111111111111,0,0.0,0,0.0222222222222,0.0888888888889,0,0,0,0.0,0,0.0222222222222,0,0,0.0444444444444,0.2,0,0.0,0,0,0,0,0,0,0.0888888888889,0.0444444444444,0.0222222222222,0,0.0888888888889,0.0,0,0,0,0,0.0222222222222,0.0444444444444,0,0.284210526316,0.126315789474,0,0.0105263157895,0,0.0105263157895,0.0421052631579,0,0,0,0.0105263157895,0,0.0,0,0,0.0210526315789,0.105263157895,0,0.0315789473684,0,0,0,0,0,0,0.105263157895,0.0526315789474,0.0,0,0.0,0.0315789473684,0,0,0,0,0.0842105263158,0.0842105263158,0,0.057690177252
272,0.511029411765,0.488970588235,True,0.113970588235,0.0367647058824,0,0.00367647058824,0.0110294117647,0,0.0183823529412,0.00367647058824,0,0.00367647058824,0.0257352941176,0,0.0588235294118,0.00367647058824,0,0.0147058823529,0.102941176471,0,0.00735294117647,0,0.00367647058824,0,0,0,0.0147058823529,0.389705882353,0.0183823529412,0.0367647058824,0,0.00735294117647,0,0.0110294117647,0.00367647058824,0,0.0110294117647,0.00735294117647,0.0772058823529,0.0147058823529,0.143884892086,0.0287769784173,0,0.0,0.0215827338129,0,0.0143884892086,0.0,0,0.00719424460432,0.0287769784173,0,0.0575539568345,0.0,0,0.0287769784173,0.10071942446,0,0.0143884892086,0,0.0,0,0,0,0.0,0.410071942446,0.0359712230216,0.0431654676259,0,0.0,0,0.0,0.00719424460432,0,0.0,0.00719424460432,0.0431654676259,0.00719424460432,0.0827067669173,0.0451127819549,0,0.00751879699248,0.0,0,0.0225563909774,0.00751879699248,0,0.0,0.0225563909774,0,0.0601503759398,0.00751879699248,0,0.0,0.105263157895,0,0.0,0,0.00751879699248,0,0,0,0.0300751879699,0.368421052632,0.0,0.0300751879699,0,0.015037593985,0,0.0225563909774,0.0,0,0.0225563909774,0.00751879699248,0.112781954887,0.0225563909774,0.0304750743601
149,0.489932885906,0.510067114094,True,0.0805369127517,0.147651006711,0,0.00671140939597,0,0.0201342281879,0.0335570469799,0,0,0.0134228187919,0.0134228187919,0,0.00671140939597,0.00671140939597,0,0.0268456375839,0.0872483221477,0,0.0134228187919,0.0134228187919,0,0,0.0201342281879,0.0134228187919,0.0134228187919,0.335570469799,0.0268456375839,0.0469798657718,0,0.0201342281879,0,0.0134228187919,0,0.00671140939597,0.00671140939597,0.00671140939597,0.0201342281879,0,0.123287671233,0.191780821918,0,0.0,0,0.027397260274,0.041095890411,0,0,0.013698630137,0.0,0,0.013698630137,0.013698630137,0,0.013698630137,0.109589041096,0,0.013698630137,0.0,0,0,0.0,0.0,0.013698630137,0.342465753425,0.027397260274,0.0,0,0.013698630137,0,0.027397260274,0,0.0,0.0,0.0,0.013698630137,0,0.0394736842105,0.105263157895,0,0.0131578947368,0,0.0131578947368,0.0263157894737,0,0,0.0131578947368,0.0263157894737,0,0.0,0.0,0,0.0394736842105,0.0657894736842,0,0.0131578947368,0.0263157894737,0,0,0.0394736842105,0.0263157894737,0.0131578947368,0.328947368421,0.0263157894737,0.0921052631579,0,0.0263157894737,0,0.0,0,0.0131578947368,0.0131578947368,0.0131578947368,0.0263157894737,0,0.0501922747562
129,0.53488372093,0.46511627907,False,0.255813953488,0.0852713178295,0.015503875969,0.015503875969,0,0.0387596899225,0.031007751938,0,0,0.0077519379845,0.0232558139535,0,0.0232558139535,0.0387596899225,0,0.0077519379845,0.031007751938,0,0.077519379845,0.077519379845,0.0077519379845,0,0,0.0077519379845,0,0.0852713178295,0.031007751938,0.0077519379845,0.015503875969,0.031007751938,0.015503875969,0,0.0077519379845,0,0,0.0387596899225,0.0232558139535,0,0.347826086957,0.0579710144928,0.0289855072464,0.0289855072464,0,0.0,0.0144927536232,0,0,0.0,0.0,0,0.0144927536232,0.0434782608696,0,0.0,0.0434782608696,0,0.0869565217391,0.0579710144928,0.0144927536232,0,0,0.0144927536232,0,0.0579710144928,0.0579710144928,0.0144927536232,0.0289855072464,0.0144927536232,0.0144927536232,0,0.0144927536232,0,0,0.0144927536232,0.0289855072464,0,0.15,0.116666666667,0.0,0.0,0,0.0833333333333,0.05,0,0,0.0166666666667,0.05,0,0.0333333333333,0.0333333333333,0,0.0166666666667,0.0166666666667,0,0.0666666666667,0.1,0.0,0,0,0.0,0,0.116666666667,0.0,0.0,0.0,0.05,0.0166666666667,0,0.0,0,0,0.0666666666667,0.0166666666667,0,0.107612182716
163,0.423312883436,0.576687116564,False,0.0920245398773,0.0490797546012,0,0.0368098159509,0,0,0.0306748466258,0,0,0,0.0184049079755,0,0.0184049079755,0.0184049079755,0.00613496932515,0.0306748466258,0.122699386503,0.00613496932515,0.0306748466258,0,0,0,0,0.0122699386503,0,0.40490797546,0.0368098159509,0.0122699386503,0.00613496932515,0.0184049079755,0,0,0,0,0,0,0.0490797546012,0,0.144927536232,0.0724637681159,0,0.0724637681159,0,0,0.0289855072464,0,0,0,0.0144927536232,0,0.0,0.0,0.0144927536232,0.0144927536232,0.144927536232,0.0,0.0289855072464,0,0,0,0,0.0289855072464,0,0.304347826087,0.0434782608696,0.0,0.0,0.0144927536232,0,0,0,0,0,0,0.0724637681159,0,0.0531914893617,0.031914893617,0,0.0106382978723,0,0,0.031914893617,0,0,0,0.0212765957447,0,0.031914893617,0.031914893617,0.0,0.0425531914894,0.106382978723,0.0106382978723,0.031914893617,0,0,0,0,0.0,0,0.478723404255,0.031914893617,0.0212765957447,0.0106382978723,0.0212765957447,0,0,0,0,0,0,0.031914893617,0,0.0884974062076
85,0.529411764706,0.470588235294,True,0.129411764706,0.164705882353,0,0.0117647058824,0.0235294117647,0.0117647058824,0,0,0,0,0.0235294117647,0,0.0117647058824,0.0588235294118,0,0.0235294117647,0.0588235294118,0,0.0470588235294,0.0588235294118,0,0,0.0117647058824,0.0117647058824,0,0.0705882352941,0.0352941176471,0.0235294117647,0.0352941176471,0.0705882352941,0.0235294117647,0,0,0,0,0.0352941176471,0.0117647058824,0.0470588235294,0.111111111111,0.111111111111,0,0.0,0.0444444444444,0.0222222222222,0,0,0,0,0.0222222222222,0,0.0222222222222,0.0444444444444,0,0.0444444444444,0.0888888888889,0,0.0666666666667,0.0888888888889,0,0,0.0222222222222,0.0222222222222,0,0.0888888888889,0.0222222222222,0.0222222222222,0.0444444444444,0.0222222222222,0.0222222222222,0,0,0,0,0.0,0.0,0.0666666666667,0.15,0.225,0,0.025,0.0,0.0,0,0,0,0,0.025,0,0.0,0.075,0,0.0,0.025,0,0.025,0.025,0,0,0.0,0.0,0,0.05,0.05,0.025,0.025,0.125,0.025,0,0,0,0,0.075,0.025,0.025,0.127341429443
117,0.538461538462,0.461538461538,False,0.0769230769231,0.119658119658,0,0.00854700854701,0,0,0.042735042735,0,0.00854700854701,0.00854700854701,0.017094017094,0,0.025641025641,0.00854700854701,0.017094017094,0.00854700854701,0.119658119658,0,0.025641025641,0.0512820512821,0,0,0,0,0,0.196581196581,0.025641025641,0.00854700854701,0,0.042735042735,0.017094017094,0.00854700854701,0,0,0,0.119658119658,0.042735042735,0,0.0634920634921,0.126984126984,0,0.0,0,0,0.0,0,0.015873015873,0.0,0.015873015873,0,0.031746031746,0.0,0.0,0.0,0.142857142857,0,0.0,0.047619047619,0,0,0,0,0,0.269841269841,0.0,0.015873015873,0,0.047619047619,0.015873015873,0.015873015873,0,0,0,0.15873015873,0.031746031746,0,0.0925925925926,0.111111111111,0,0.0185185185185,0,0,0.0925925925926,0,0.0,0.0185185185185,0.0185185185185,0,0.0185185185185,0.0185185185185,0.037037037037,0.0185185185185,0.0925925925926,0,0.0555555555556,0.0555555555556,0,0,0,0,0,0.111111111111,0.0555555555556,0.0,0,0.037037037037,0.0185185185185,0.0,0,0,0,0.0740740740741,0.0555555555556,0,0.0576328985321
173,0.566473988439,0.433526011561,True,0.196531791908,0.0404624277457,0,0,0,0.028901734104,0.028901734104,0,0,0.00578034682081,0.0173410404624,0,0.0404624277457,0.0462427745665,0.00578034682081,0.028901734104,0.0867052023121,0,0,0.0462427745665,0,0,0,0.0115606936416,0.0173410404624,0.156069364162,0.0346820809249,0,0,0.0809248554913,0,0,0.00578034682081,0,0,0.115606936416,0.00578034682081,0,0.132653061224,0.0408163265306,0,0,0,0.030612244898,0.0204081632653,0,0,0.0,0.0102040816327,0,0.0612244897959,0.0510204081633,0.0102040816327,0.0408163265306,0.0816326530612,0,0,0.0510204081633,0,0,0,0.0102040816327,0.030612244898,0.19387755102,0.0204081632653,0,0,0.102040816327,0,0,0.0,0,0,0.112244897959,0.0,0,0.28,0.04,0,0,0,0.0266666666667,0.04,0,0,0.0133333333333,0.0266666666667,0,0.0133333333333,0.04,0.0,0.0133333333333,0.0933333333333,0,0,0.04,0,0,0,0.0133333333333,0.0,0.106666666667,0.0533333333333,0,0,0.0533333333333,0,0,0.0133333333333,0,0,0.12,0.0133333333333,0,0.0796952402179
139,0.517985611511,0.482014388489,True,0.129496402878,0.165467625899,0,0.00719424460432,0,0.0215827338129,0.0143884892086,0,0.00719424460432,0,0.00719424460432,0,0,0.0359712230216,0.0143884892086,0,0.107913669065,0,0.0215827338129,0.0143884892086,0,0,0.0287769784173,0.00719424460432,0,0.287769784173,0.0359712230216,0.00719424460432,0,0,0.0143884892086,0.00719424460432,0,0,0,0.0431654676259,0.0215827338129,0,0.125,0.194444444444,0,0.0138888888889,0,0.0,0.0277777777778,0,0.0,0,0.0,0,0,0.0277777777778,0.0138888888889,0,0.0833333333333,0,0.0277777777778,0.0138888888889,0,0,0.0555555555556,0.0138888888889,0,0.236111111111,0.0555555555556,0.0138888888889,0,0,0.0138888888889,0.0138888888889,0,0,0,0.0416666666667,0.0277777777778,0,0.134328358209,0.134328358209,0,0.0,0,0.044776119403,0.0,0,0.0149253731343,0,0.0149253731343,0,0,0.044776119403,0.0149253731343,0,0.134328358209,0,0.0149253731343,0.0149253731343,0,0,0.0,0.0,0,0.34328358209,0.0149253731343,0.0,0,0,0.0149253731343,0.0,0,0,0,0.044776119403,0.0149253731343,0,0.0358931692856
213,0.49765258216,0.50234741784,True,0.201877934272,0.0469483568075,0,0.0093896713615,0.00469483568075,0.0234741784038,0.0140845070423,0,0,0.0093896713615,0.0140845070423,0,0.037558685446,0.037558685446,0.00469483568075,0.00469483568075,0.0704225352113,0,0.056338028169,0.0985915492958,0,0,0,0.037558685446,0.00469483568075,0.112676056338,0.0328638497653,0.0281690140845,0.018779342723,0.0798122065728,0,0.00469483568075,0.00469483568075,0,0,0.037558685446,0.00469483568075,0,0.179245283019,0.0471698113208,0,0.00943396226415,0.0,0.0188679245283,0.00943396226415,0,0,0.0,0.0,0,0.0566037735849,0.0377358490566,0.0,0.00943396226415,0.0754716981132,0,0.0283018867925,0.160377358491,0,0,0,0.0377358490566,0.0,0.11320754717,0.0283018867925,0.0566037735849,0.00943396226415,0.0566037735849,0,0.00943396226415,0.0,0,0,0.0471698113208,0.00943396226415,0,0.224299065421,0.0467289719626,0,0.00934579439252,0.00934579439252,0.0280373831776,0.018691588785,0,0,0.018691588785,0.0280373831776,0,0.018691588785,0.0373831775701,0.00934579439252,0.0,0.0654205607477,0,0.0841121495327,0.0373831775701,0,0,0,0.0373831775701,0.00934579439252,0.11214953271,0.0373831775701,0.0,0.0280373831776,0.102803738318,0,0.0,0.00934579439252,0,0,0.0280373831776,0.0,0,0.0789871403611
76,0.486842105263,0.513157894737,False,0.197368421053,0.0921052631579,0,0,0,0.0263157894737,0.0526315789474,0,0,0,0.0394736842105,0,0,0.0131578947368,0.0131578947368,0.0131578947368,0.144736842105,0,0.0131578947368,0.0526315789474,0,0,0,0,0,0.171052631579,0.0657894736842,0,0,0.0263157894737,0,0,0,0,0,0.0526315789474,0.0131578947368,0.0131578947368,0.162162162162,0.0810810810811,0,0,0,0.027027027027,0.027027027027,0,0,0,0.027027027027,0,0,0.027027027027,0.027027027027,0.027027027027,0.135135135135,0,0.027027027027,0.0540540540541,0,0,0,0,0,0.162162162162,0.0810810810811,0,0,0.0540540540541,0,0,0,0,0,0.0540540540541,0.027027027027,0.0,0.230769230769,0.102564102564,0,0,0,0.025641025641,0.0769230769231,0,0,0,0.0512820512821,0,0,0.0,0.0,0.0,0.153846153846,0,0.0,0.0512820512821,0,0,0,0,0,0.179487179487,0.0512820512821,0,0,0.0,0,0,0,0,0,0.0512820512821,0.0,0.025641025641,0.0250113523266
86,0.558139534884,0.441860465116,False,0.232558139535,0.046511627907,0,0,0,0.0116279069767,0.0232558139535,0,0,0.0116279069767,0,0,0.0348837209302,0.0232558139535,0,0.0116279069767,0.151162790698,0,0.0581395348837,0.104651162791,0.0116279069767,0,0,0,0.0116279069767,0.0232558139535,0.0697674418605,0,0.0116279069767,0.0697674418605,0,0,0.0116279069767,0,0,0.0581395348837,0.0232558139535,0,0.25,0.0625,0,0,0,0.0,0.0208333333333,0,0,0.0208333333333,0,0,0.0625,0.0208333333333,0,0.0,0.1875,0,0.0833333333333,0.0625,0.0,0,0,0,0.0,0.0208333333333,0.0833333333333,0,0.0,0.0625,0,0,0.0208333333333,0,0,0.0416666666667,0.0,0,0.210526315789,0.0263157894737,0,0,0,0.0263157894737,0.0263157894737,0,0,0.0,0,0,0.0,0.0263157894737,0,0.0263157894737,0.105263157895,0,0.0263157894737,0.157894736842,0.0263157894737,0,0,0,0.0263157894737,0.0263157894737,0.0526315789474,0,0.0263157894737,0.0789473684211,0,0,0.0,0,0,0.0789473684211,0.0526315789474,0,0.0619540787681
130,0.338461538462,0.661538461538,True,0.269230769231,0.0769230769231,0,0,0,0.0230769230769,0.0461538461538,0,0,0,0,0,0.0230769230769,0.0230769230769,0,0.0153846153846,0.0846153846154,0,0.0230769230769,0.0769230769231,0,0,0,0,0.00769230769231,0.0846153846154,0.0461538461538,0,0.0153846153846,0.107692307692,0,0,0.00769230769231,0,0.0230769230769,0.0153846153846,0.0307692307692,0,0.363636363636,0.0,0,0,0,0.0,0.0909090909091,0,0,0,0,0,0.0454545454545,0.0227272727273,0,0.0227272727273,0.0909090909091,0,0.0227272727273,0.0909090909091,0,0,0,0,0.0,0.0454545454545,0.0454545454545,0,0.0,0.136363636364,0,0,0.0,0,0.0,0.0,0.0227272727273,0,0.220930232558,0.116279069767,0,0,0,0.0348837209302,0.0232558139535,0,0,0,0,0,0.0116279069767,0.0232558139535,0,0.0116279069767,0.0813953488372,0,0.0232558139535,0.0697674418605,0,0,0,0,0.0116279069767,0.104651162791,0.046511627907,0,0.0232558139535,0.093023255814,0,0,0.0116279069767,0,0.0348837209302,0.0232558139535,0.0348837209302,0,0.0640029693323
134,0.492537313433,0.507462686567,True,0.194029850746,0.111940298507,0,0,0,0.00746268656716,0.0373134328358,0,0,0,0,0,0.0149253731343,0.0149253731343,0.00746268656716,0.0373134328358,0.089552238806,0,0.0298507462687,0.00746268656716,0,0,0,0.0149253731343,0,0.261194029851,0.0298507462687,0.0149253731343,0,0.044776119403,0.00746268656716,0,0,0,0,0.00746268656716,0.0671641791045,0,0.166666666667,0.136363636364,0,0,0,0.0,0.0454545454545,0,0,0,0,0,0.0151515151515,0.0,0.0151515151515,0.0151515151515,0.0909090909091,0,0.0151515151515,0.0,0,0,0,0.0151515151515,0,0.272727272727,0.0454545454545,0.0151515151515,0,0.030303030303,0.0,0,0,0,0,0.0151515151515,0.106060606061,0,0.220588235294,0.0882352941176,0,0,0,0.0147058823529,0.0294117647059,0,0,0,0,0,0.0147058823529,0.0294117647059,0.0,0.0588235294118,0.0882352941176,0,0.0441176470588,0.0147058823529,0,0,0,0.0147058823529,0,0.25,0.0147058823529,0.0147058823529,0,0.0588235294118,0.0147058823529,0,0,0,0,0.0,0.0294117647059,0,0.0623799075165
153,0.477124183007,0.522875816993,True,0.137254901961,0.0196078431373,0,0.00653594771242,0,0,0.0261437908497,0,0,0,0.0130718954248,0,0.00653594771242,0,0.00653594771242,0.0392156862745,0.117647058824,0,0,0.00653594771242,0,0,0,0,0,0.43137254902,0.00653594771242,0.00653594771242,0,0.0457516339869,0.00653594771242,0,0,0,0,0,0.124183006536,0,0.123287671233,0.027397260274,0,0.013698630137,0,0,0.013698630137,0,0,0,0.013698630137,0,0.013698630137,0,0.013698630137,0.0547945205479,0.109589041096,0,0,0.013698630137,0,0,0,0,0,0.369863013699,0.013698630137,0.013698630137,0,0.027397260274,0.013698630137,0,0,0,0,0,0.164383561644,0,0.15,0.0125,0,0.0,0,0,0.0375,0,0,0,0.0125,0,0.0,0,0.0,0.025,0.125,0,0,0.0,0,0,0,0,0,0.4875,0.0,0.0,0,0.0625,0.0,0,0,0,0,0,0.0875,0,0.0382899808771
224,0.410714285714,0.589285714286,True,0.15625,0.223214285714,0,0.00446428571429,0,0.0401785714286,0.0267857142857,0,0,0,0.00446428571429,0,0.00892857142857,0.0357142857143,0.00446428571429,0,0.0892857142857,0,0.0357142857143,0.03125,0,0,0.00446428571429,0,0.00446428571429,0.107142857143,0.0446428571429,0,0.0223214285714,0.0401785714286,0.00892857142857,0.00892857142857,0.00892857142857,0.0133928571429,0,0.0357142857143,0.03125,0.00892857142857,0.20652173913,0.163043478261,0,0.0108695652174,0,0.0217391304348,0.0326086956522,0,0,0,0.0,0,0.0217391304348,0.0217391304348,0.0,0,0.119565217391,0,0.0652173913043,0.0217391304348,0,0,0.0,0,0.0,0.119565217391,0.054347826087,0,0.0326086956522,0.0326086956522,0.0,0.0,0.0,0.0,0,0.0434782608696,0.0326086956522,0.0,0.121212121212,0.265151515152,0,0.0,0,0.0530303030303,0.0227272727273,0,0,0,0.00757575757576,0,0.0,0.0454545454545,0.00757575757576,0,0.0681818181818,0,0.0151515151515,0.0378787878788,0,0,0.00757575757576,0,0.00757575757576,0.0984848484848,0.0378787878788,0,0.0151515151515,0.0454545454545,0.0151515151515,0.0151515151515,0.0151515151515,0.0227272727273,0,0.030303030303,0.030303030303,0.0151515151515,0.0624478916246
295,0.477966101695,0.522033898305,False,0.227118644068,0.101694915254,0,0.00338983050847,0,0.00677966101695,0.0271186440678,0,0.0237288135593,0,0.0135593220339,0,0.0372881355932,0.0237288135593,0.0169491525424,0.0203389830508,0.0847457627119,0,0,0.00677966101695,0,0,0,0.0101694915254,0,0.135593220339,0.0474576271186,0.0169491525424,0,0.0372881355932,0.0203389830508,0.00338983050847,0,0,0.00677966101695,0.0745762711864,0.0406779661017,0.0135593220339,0.283687943262,0.113475177305,0,0.0,0,0.0,0.0283687943262,0,0.0141843971631,0,0.0,0,0.0354609929078,0.0354609929078,0.0212765957447,0.0212765957447,0.113475177305,0,0,0.00709219858156,0,0,0,0.0,0,0.148936170213,0.0141843971631,0.00709219858156,0,0.0354609929078,0.00709219858156,0.0,0,0,0.0,0.0851063829787,0.0212765957447,0.00709219858156,0.175324675325,0.0909090909091,0,0.00649350649351,0,0.012987012987,0.025974025974,0,0.0324675324675,0,0.025974025974,0,0.038961038961,0.012987012987,0.012987012987,0.0194805194805,0.0584415584416,0,0,0.00649350649351,0,0,0,0.0194805194805,0,0.123376623377,0.0779220779221,0.025974025974,0,0.038961038961,0.0324675324675,0.00649350649351,0,0,0.012987012987,0.0649350649351,0.0584415584416,0.0194805194805,0.0800384384223
99,0.464646464646,0.535353535354,False,0.181818181818,0.111111111111,0,0,0.020202020202,0.010101010101,0.0707070707071,0,0,0.010101010101,0.020202020202,0,0.030303030303,0.020202020202,0,0.010101010101,0.121212121212,0,0.0505050505051,0.0707070707071,0,0,0,0.020202020202,0,0.040404040404,0.10101010101,0,0,0.0606060606061,0,0,0,0,0,0,0.0505050505051,0,0.217391304348,0.0652173913043,0,0,0.0434782608696,0.0217391304348,0.0217391304348,0,0,0.0,0.0,0,0.0217391304348,0.0,0,0.0,0.108695652174,0,0.0217391304348,0.0869565217391,0,0,0,0.0434782608696,0,0.0652173913043,0.130434782609,0,0,0.0652173913043,0,0,0,0,0,0,0.0869565217391,0,0.150943396226,0.150943396226,0,0,0.0,0.0,0.11320754717,0,0,0.0188679245283,0.0377358490566,0,0.0377358490566,0.0377358490566,0,0.0188679245283,0.132075471698,0,0.0754716981132,0.0566037735849,0,0,0,0.0,0,0.0188679245283,0.0754716981132,0,0,0.0566037735849,0,0,0,0,0,0,0.0188679245283,0,0.115785274139
246,0.613821138211,0.386178861789,False,0.239837398374,0.0894308943089,0,0.00406504065041,0,0,0.020325203252,0,0,0,0.0121951219512,0,0.0447154471545,0.00813008130081,0.00406504065041,0.0243902439024,0.109756097561,0,0.00406504065041,0,0,0,0,0.00406504065041,0.00813008130081,0.292682926829,0.020325203252,0.0325203252033,0,0.020325203252,0,0,0,0,0.00813008130081,0.0162601626016,0.0365853658537,0,0.284768211921,0.0860927152318,0,0.0,0,0,0.0331125827815,0,0,0,0.00662251655629,0,0.0529801324503,0.00662251655629,0.00662251655629,0.0198675496689,0.0993377483444,0,0.0,0,0,0,0,0.0,0.0132450331126,0.271523178808,0.0198675496689,0.0397350993377,0,0.0264900662252,0,0,0,0,0.0,0.0132450331126,0.0198675496689,0,0.168421052632,0.0947368421053,0,0.0105263157895,0,0,0.0,0,0,0,0.0210526315789,0,0.0315789473684,0.0105263157895,0.0,0.0315789473684,0.126315789474,0,0.0105263157895,0,0,0,0,0.0105263157895,0.0,0.326315789474,0.0210526315789,0.0210526315789,0,0.0105263157895,0,0,0,0,0.0210526315789,0.0210526315789,0.0631578947368,0,0.0420918748182
189,0.449735449735,0.550264550265,False,0.195767195767,0.195767195767,0,0.00529100529101,0,0.010582010582,0.026455026455,0,0,0.00529100529101,0.010582010582,0,0.010582010582,0.031746031746,0.015873015873,0.0529100529101,0.0687830687831,0,0.00529100529101,0.021164021164,0,0.00529100529101,0,0,0,0.179894179894,0.042328042328,0.015873015873,0,0.026455026455,0.010582010582,0.00529100529101,0,0,0.010582010582,0,0.042328042328,0.00529100529101,0.211764705882,0.235294117647,0,0.0117647058824,0,0.0117647058824,0.0470588235294,0,0,0.0117647058824,0.0,0,0.0117647058824,0.0117647058824,0.0235294117647,0.0588235294118,0.0588235294118,0,0.0117647058824,0.0117647058824,0,0.0,0,0,0,0.117647058824,0.0588235294118,0.0352941176471,0,0.0235294117647,0.0117647058824,0.0,0,0,0.0,0,0.0352941176471,0.0,0.182692307692,0.163461538462,0,0.0,0,0.00961538461538,0.00961538461538,0,0,0.0,0.0192307692308,0,0.00961538461538,0.0480769230769,0.00961538461538,0.0480769230769,0.0769230769231,0,0.0,0.0288461538462,0,0.00961538461538,0,0,0,0.230769230769,0.0288461538462,0.0,0,0.0288461538462,0.00961538461538,0.00961538461538,0,0,0.0192307692308,0,0.0480769230769,0.00961538461538,0.0607450399017
132,0.515151515152,0.484848484848,False,0.219696969697,0.174242424242,0,0.00757575757576,0,0.0151515151515,0.0757575757576,0,0,0,0.0151515151515,0,0,0.030303030303,0.00757575757576,0.0454545454545,0.0909090909091,0,0,0.00757575757576,0,0,0,0,0.00757575757576,0.106060606061,0.0606060606061,0.00757575757576,0,0.0378787878788,0,0.030303030303,0.00757575757576,0,0,0,0.0530303030303,0,0.235294117647,0.191176470588,0,0.0,0,0.0294117647059,0.0882352941176,0,0,0,0.0147058823529,0,0,0.0147058823529,0.0147058823529,0.0588235294118,0.0735294117647,0,0,0.0147058823529,0,0,0,0,0.0,0.102941176471,0.0735294117647,0.0,0,0.0147058823529,0,0.0294117647059,0.0,0,0,0,0.0441176470588,0,0.203125,0.15625,0,0.015625,0,0.0,0.0625,0,0,0,0.015625,0,0,0.046875,0.0,0.03125,0.109375,0,0,0.0,0,0,0,0,0.015625,0.109375,0.046875,0.015625,0,0.0625,0,0.03125,0.015625,0,0,0,0.0625,0,0.0385937105447
129,0.604651162791,0.395348837209,False,0.232558139535,0.0697674418605,0,0.015503875969,0,0.015503875969,0.0387596899225,0,0,0,0.031007751938,0,0.015503875969,0.0077519379845,0.015503875969,0.015503875969,0.108527131783,0,0.062015503876,0.046511627907,0,0,0,0,0.0077519379845,0,0.0697674418605,0.0077519379845,0.046511627907,0.100775193798,0,0,0.015503875969,0,0,0.0387596899225,0.031007751938,0.0077519379845,0.205128205128,0.0384615384615,0,0.025641025641,0,0.025641025641,0.0384615384615,0,0,0,0.0512820512821,0,0.025641025641,0.0128205128205,0.025641025641,0.0128205128205,0.153846153846,0,0.0384615384615,0.0384615384615,0,0,0,0,0.0128205128205,0,0.0769230769231,0.0128205128205,0.0128205128205,0.0897435897436,0,0,0.025641025641,0,0,0.025641025641,0.0384615384615,0.0128205128205,0.274509803922,0.117647058824,0,0.0,0,0.0,0.0392156862745,0,0,0,0.0,0,0.0,0.0,0.0,0.0196078431373,0.0392156862745,0,0.0980392156863,0.0588235294118,0,0,0,0,0.0,0,0.0588235294118,0.0,0.0980392156863,0.117647058824,0,0,0.0,0,0,0.0588235294118,0.0196078431373,0.0,0.121332451325
131,0.541984732824,0.458015267176,True,0.206106870229,0.12213740458,0.00763358778626,0,0,0.00763358778626,0.0381679389313,0,0,0.030534351145,0,0,0.00763358778626,0.0152671755725,0,0.030534351145,0.0763358778626,0,0.00763358778626,0,0.00763358778626,0,0,0.00763358778626,0,0.137404580153,0.0381679389313,0.00763358778626,0,0.0610687022901,0.0229007633588,0.0152671755725,0.0229007633588,0.00763358778626,0,0.00763358778626,0.106870229008,0.00763358778626,0.295774647887,0.112676056338,0.0140845070423,0,0,0.0140845070423,0.0281690140845,0,0,0.056338028169,0,0,0.0,0.0140845070423,0,0.0281690140845,0.0422535211268,0,0.0,0,0.0140845070423,0,0,0.0140845070423,0,0.140845070423,0.0281690140845,0.0,0,0.0140845070423,0.0281690140845,0.0140845070423,0.0422535211268,0.0,0,0.0,0.0985915492958,0.0,0.1,0.133333333333,0.0,0,0,0.0,0.05,0,0,0.0,0,0,0.0166666666667,0.0166666666667,0,0.0333333333333,0.116666666667,0,0.0166666666667,0,0.0,0,0,0.0,0,0.133333333333,0.05,0.0166666666667,0,0.116666666667,0.0166666666667,0.0166666666667,0.0,0.0166666666667,0,0.0166666666667,0.116666666667,0.0166666666667,0.118241884837
101,0.524752475248,0.475247524752,False,0.168316831683,0.0891089108911,0,0,0,0.029702970297,0.029702970297,0,0,0,0.029702970297,0,0.029702970297,0.029702970297,0.00990099009901,0.00990099009901,0.158415841584,0,0.019801980198,0.0990099009901,0,0,0.00990099009901,0.00990099009901,0,0.128712871287,0.0594059405941,0,0.019801980198,0.00990099009901,0.00990099009901,0,0,0,0.00990099009901,0,0.039603960396,0,0.132075471698,0.132075471698,0,0,0,0.0188679245283,0.0377358490566,0,0,0,0.0377358490566,0,0.0,0.0377358490566,0.0188679245283,0.0,0.150943396226,0,0.0188679245283,0.11320754717,0,0,0.0188679245283,0.0,0,0.150943396226,0.0754716981132,0,0.0188679245283,0.0,0.0188679245283,0,0,0,0.0,0,0.0188679245283,0,0.208333333333,0.0416666666667,0,0,0,0.0416666666667,0.0208333333333,0,0,0,0.0208333333333,0,0.0625,0.0208333333333,0.0,0.0208333333333,0.166666666667,0,0.0208333333333,0.0833333333333,0,0,0.0,0.0208333333333,0,0.104166666667,0.0416666666667,0,0.0208333333333,0.0208333333333,0.0,0,0,0,0.0208333333333,0,0.0625,0,0.0625457214303
210,0.47619047619,0.52380952381,False,0.242857142857,0.195238095238,0,0,0,0.0047619047619,0.0142857142857,0,0,0,0.0142857142857,0,0,0.0380952380952,0.0047619047619,0.0047619047619,0.0761904761905,0,0.0285714285714,0.0333333333333,0,0,0.00952380952381,0,0.0047619047619,0.171428571429,0.0333333333333,0.0428571428571,0.0142857142857,0.0142857142857,0.0190476190476,0.0047619047619,0.0047619047619,0.0047619047619,0,0.0047619047619,0.0142857142857,0,0.23,0.19,0,0,0,0.0,0.02,0,0,0,0.03,0,0,0.04,0.01,0.01,0.06,0,0.03,0.04,0,0,0.01,0,0.01,0.12,0.04,0.06,0.02,0.03,0.01,0.0,0.0,0.01,0,0.01,0.02,0,0.254545454545,0.2,0,0,0,0.00909090909091,0.00909090909091,0,0,0,0.0,0,0,0.0363636363636,0.0,0.0,0.0909090909091,0,0.0272727272727,0.0272727272727,0,0,0.00909090909091,0,0.0,0.218181818182,0.0272727272727,0.0272727272727,0.00909090909091,0.0,0.0272727272727,0.00909090909091,0.00909090909091,0.0,0,0.0,0.00909090909091,0,0.0334236754428
213,0.422535211268,0.577464788732,True,0.140845070423,0.0704225352113,0,0.0093896713615,0,0,0.018779342723,0,0.00469483568075,0,0.00469483568075,0,0.0328638497653,0.0140845070423,0.0093896713615,0.0140845070423,0.0704225352113,0,0,0.056338028169,0,0,0.0328638497653,0.018779342723,0.0140845070423,0.272300469484,0.0328638497653,0.0093896713615,0,0.0328638497653,0.00469483568075,0.00469483568075,0.00469483568075,0,0,0.0516431924883,0.0657276995305,0.0093896713615,0.144444444444,0.0666666666667,0,0.0,0,0,0.0111111111111,0,0.0111111111111,0,0.0,0,0.0444444444444,0.0,0.0111111111111,0.0111111111111,0.0888888888889,0,0,0.0555555555556,0,0,0.0777777777778,0.0111111111111,0.0111111111111,0.288888888889,0.0333333333333,0.0,0,0.0222222222222,0.0,0.0111111111111,0.0,0,0,0.0,0.0777777777778,0.0222222222222,0.138211382114,0.0731707317073,0,0.0162601626016,0,0,0.0243902439024,0,0.0,0,0.00813008130081,0,0.0243902439024,0.0243902439024,0.00813008130081,0.0162601626016,0.0569105691057,0,0,0.0569105691057,0,0,0.0,0.0243902439024,0.0162601626016,0.260162601626,0.0325203252033,0.0162601626016,0,0.0406504065041,0.00813008130081,0.0,0.00813008130081,0,0,0.0894308943089,0.0569105691057,0.0,0.0159854645905
214,0.523364485981,0.476635514019,False,0.233644859813,0.0514018691589,0,0.00467289719626,0,0.0280373831776,0.0233644859813,0,0.00934579439252,0.00467289719626,0,0,0.0233644859813,0.00934579439252,0.00467289719626,0.00467289719626,0.102803738318,0.0140186915888,0.00467289719626,0.0747663551402,0,0,0,0,0.00467289719626,0.0981308411215,0.088785046729,0.018691588785,0,0.0934579439252,0,0,0.0140186915888,0.00467289719626,0.0140186915888,0.0327102803738,0.0233644859813,0.0140186915888,0.214285714286,0.0535714285714,0,0.00892857142857,0,0.0357142857143,0.00892857142857,0,0.0,0.00892857142857,0,0,0.00892857142857,0.0178571428571,0.0,0.0,0.116071428571,0.0267857142857,0.00892857142857,0.0803571428571,0,0,0,0,0.00892857142857,0.142857142857,0.0892857142857,0.0357142857143,0,0.0357142857143,0,0,0.00892857142857,0.0,0.00892857142857,0.0357142857143,0.0267857142857,0.0178571428571,0.254901960784,0.0490196078431,0,0.0,0,0.0196078431373,0.0392156862745,0,0.0196078431373,0.0,0,0,0.0392156862745,0.0,0.00980392156863,0.00980392156863,0.0882352941176,0.0,0.0,0.0686274509804,0,0,0,0,0.0,0.0490196078431,0.0882352941176,0.0,0,0.156862745098,0,0,0.0196078431373,0.00980392156863,0.0196078431373,0.0294117647059,0.0196078431373,0.00980392156863,0.0914166501005
140,0.442857142857,0.557142857143,False,0.0642857142857,0.171428571429,0,0.0214285714286,0,0,0.0428571428571,0,0,0,0,0,0.00714285714286,0.0214285714286,0,0.0214285714286,0.135714285714,0,0.00714285714286,0,0,0,0,0,0,0.242857142857,0.0928571428571,0.0214285714286,0,0.05,0.0285714285714,0,0.00714285714286,0,0,0,0.0571428571429,0.00714285714286,0.0322580645161,0.209677419355,0,0.0322580645161,0,0,0.0645161290323,0,0,0,0,0,0.0,0.0161290322581,0,0.0,0.129032258065,0,0.0161290322581,0,0,0,0,0,0,0.258064516129,0.0806451612903,0.0483870967742,0,0.0645161290323,0.0161290322581,0,0.0,0,0,0,0.0161290322581,0.0161290322581,0.0897435897436,0.141025641026,0,0.0128205128205,0,0,0.025641025641,0,0,0,0,0,0.0128205128205,0.025641025641,0,0.0384615384615,0.141025641026,0,0.0,0,0,0,0,0,0,0.230769230769,0.102564102564,0.0,0,0.0384615384615,0.0384615384615,0,0.0128205128205,0,0,0,0.0897435897436,0.0,0.0679416629037
212,0.490566037736,0.509433962264,False,0.11320754717,0.0660377358491,0.00471698113208,0,0.00471698113208,0.0330188679245,0.0330188679245,0,0,0.00943396226415,0.0141509433962,0,0.00943396226415,0.0377358490566,0,0.00943396226415,0.0566037735849,0,0.0235849056604,0.0424528301887,0,0,0,0.00943396226415,0.00943396226415,0.344339622642,0.0424528301887,0.00943396226415,0.00471698113208,0.0424528301887,0.00943396226415,0,0,0.00471698113208,0.00471698113208,0.0283018867925,0.0330188679245,0,0.0865384615385,0.0576923076923,0.0,0,0.00961538461538,0.0,0.0384615384615,0,0,0.00961538461538,0.0192307692308,0,0.00961538461538,0.0384615384615,0,0.0192307692308,0.0865384615385,0,0.0192307692308,0.0384615384615,0,0,0,0.0,0.0192307692308,0.375,0.0576923076923,0.0192307692308,0.00961538461538,0.0288461538462,0.00961538461538,0,0,0.0,0.0,0.0288461538462,0.0192307692308,0,0.138888888889,0.0740740740741,0.00925925925926,0,0.0,0.0648148148148,0.0277777777778,0,0,0.00925925925926,0.00925925925926,0,0.00925925925926,0.037037037037,0,0.0,0.0277777777778,0,0.0277777777778,0.0462962962963,0,0,0,0.0185185185185,0.0,0.314814814815,0.0277777777778,0.0,0.0,0.0555555555556,0.00925925925926,0,0,0.00925925925926,0.00925925925926,0.0277777777778,0.0462962962963,0,0.0401299571079
113,0.522123893805,0.477876106195,False,0.16814159292,0.132743362832,0,0,0,0.00884955752212,0.0265486725664,0,0,0.00884955752212,0.00884955752212,0,0.0265486725664,0.0530973451327,0,0.0619469026549,0.115044247788,0,0.0176991150442,0.0265486725664,0,0,0,0,0,0.203539823009,0.0530973451327,0,0,0.0353982300885,0.0265486725664,0,0,0,0,0,0.0265486725664,0,0.169491525424,0.186440677966,0,0,0,0.0169491525424,0.0338983050847,0,0,0.0169491525424,0.0,0,0.0169491525424,0.0338983050847,0,0.0169491525424,0.169491525424,0,0.0,0.0169491525424,0,0,0,0,0,0.186440677966,0.0169491525424,0,0,0.0677966101695,0.0338983050847,0,0,0,0,0,0.0169491525424,0,0.166666666667,0.0740740740741,0,0,0,0.0,0.0185185185185,0,0,0.0,0.0185185185185,0,0.037037037037,0.0740740740741,0,0.111111111111,0.0555555555556,0,0.037037037037,0.037037037037,0,0,0,0,0,0.222222222222,0.0925925925926,0,0,0.0,0.0185185185185,0,0,0,0,0,0.037037037037,0,0.138918212437
179,0.491620111732,0.508379888268,True,0.111731843575,0.134078212291,0,0.00558659217877,0,0,0.0167597765363,0,0,0,0.0111731843575,0,0.0111731843575,0.0167597765363,0.00558659217877,0.0223463687151,0.0949720670391,0,0.0223463687151,0.00558659217877,0,0,0.0167597765363,0,0,0.307262569832,0.0446927374302,0.0446927374302,0.00558659217877,0.0279329608939,0.00558659217877,0,0.0167597765363,0,0,0,0.0614525139665,0.0111731843575,0.102272727273,0.159090909091,0,0.0,0,0,0.0227272727273,0,0,0,0.0113636363636,0,0.0113636363636,0.0227272727273,0.0,0.0340909090909,0.125,0,0.0113636363636,0.0113636363636,0,0,0.0227272727273,0,0,0.295454545455,0.0227272727273,0.0454545454545,0.0113636363636,0.0340909090909,0.0,0,0.0,0,0,0,0.0454545454545,0.0113636363636,0.120879120879,0.10989010989,0,0.010989010989,0,0,0.010989010989,0,0,0,0.010989010989,0,0.010989010989,0.010989010989,0.010989010989,0.010989010989,0.0659340659341,0,0.032967032967,0.0,0,0,0.010989010989,0,0,0.318681318681,0.0659340659341,0.043956043956,0.0,0.021978021978,0.010989010989,0,0.032967032967,0,0,0,0.0769230769231,0.010989010989,0.0442083907
146,0.417808219178,0.582191780822,True,0.143835616438,0.0547945205479,0,0.013698630137,0,0.00684931506849,0.027397260274,0,0,0,0.027397260274,0,0.0479452054795,0.0205479452055,0.013698630137,0.013698630137,0.164383561644,0,0,0.0205479452055,0,0,0,0.00684931506849,0,0.219178082192,0.0479452054795,0.00684931506849,0,0.0616438356164,0,0,0,0,0.013698630137,0.0205479452055,0.0479452054795,0.0205479452055,0.131147540984,0.0491803278689,0,0.016393442623,0,0.016393442623,0.0327868852459,0,0,0,0.016393442623,0,0.0491803278689,0.0327868852459,0.0,0.0327868852459,0.196721311475,0,0,0.0327868852459,0,0,0,0.016393442623,0,0.213114754098,0.0327868852459,0.016393442623,0,0.0327868852459,0,0,0,0,0.0,0.016393442623,0.0655737704918,0.0,0.152941176471,0.0588235294118,0,0.0117647058824,0,0.0,0.0235294117647,0,0,0,0.0352941176471,0,0.0470588235294,0.0117647058824,0.0235294117647,0.0,0.141176470588,0,0,0.0117647058824,0,0,0,0.0,0,0.223529411765,0.0588235294118,0.0,0,0.0823529411765,0,0,0,0,0.0235294117647,0.0235294117647,0.0352941176471,0.0352941176471,0.0365878279016
113,0.41592920354,0.58407079646,False,0.176991150442,0.0442477876106,0,0,0,0.0265486725664,0.0176991150442,0,0.00884955752212,0.00884955752212,0.00884955752212,0,0.00884955752212,0.0176991150442,0,0.00884955752212,0.106194690265,0.00884955752212,0.0176991150442,0.0796460176991,0,0,0,0,0,0.16814159292,0.0796460176991,0,0.00884955752212,0.0265486725664,0,0,0.0353982300885,0,0,0.132743362832,0,0.00884955752212,0.255319148936,0.0212765957447,0,0,0,0.0212765957447,0.0425531914894,0,0.0,0.0212765957447,0.0,0,0.0212765957447,0.0,0,0.0,0.148936170213,0.0,0.0212765957447,0.106382978723,0,0,0,0,0,0.191489361702,0.0425531914894,0,0.0,0.0,0,0,0.0,0,0,0.106382978723,0,0.0,0.121212121212,0.0606060606061,0,0,0,0.030303030303,0.0,0,0.0151515151515,0.0,0.0151515151515,0,0.0,0.030303030303,0,0.0151515151515,0.0757575757576,0.0151515151515,0.0151515151515,0.0606060606061,0,0,0,0,0,0.151515151515,0.106060606061,0,0.0151515151515,0.0454545454545,0,0,0.0606060606061,0,0,0.151515151515,0,0.0151515151515,0.0662059645485
68,0.470588235294,0.529411764706,True,0.25,0.0735294117647,0,0,0,0.0441176470588,0.0441176470588,0,0,0,0,0,0.0147058823529,0.0147058823529,0.0147058823529,0,0.161764705882,0,0.0294117647059,0.0294117647059,0,0,0,0,0.0147058823529,0.117647058824,0.0588235294118,0,0.0147058823529,0.0147058823529,0,0,0.0147058823529,0,0,0,0.0882352941176,0,0.25,0.03125,0,0,0,0.03125,0.0625,0,0,0,0,0,0.0,0.0,0.0,0,0.15625,0,0.0625,0.0625,0,0,0,0,0.0,0.125,0.125,0,0.0,0.0,0,0,0.0,0,0,0,0.09375,0,0.25,0.111111111111,0,0,0,0.0555555555556,0.0277777777778,0,0,0,0,0,0.0277777777778,0.0277777777778,0.0277777777778,0,0.166666666667,0,0.0,0.0,0,0,0,0,0.0277777777778,0.111111111111,0.0,0,0.0277777777778,0.0277777777778,0,0,0.0277777777778,0,0,0,0.0833333333333,0,0.0319166546976
76,0.513157894737,0.486842105263,False,0.210526315789,0.105263157895,0,0,0,0.0263157894737,0.0394736842105,0,0,0,0.0394736842105,0,0,0,0.0131578947368,0.0263157894737,0.197368421053,0,0.0131578947368,0.0131578947368,0,0,0,0,0,0.171052631579,0.0921052631579,0,0.0131578947368,0.0263157894737,0,0,0,0,0,0,0,0.0131578947368,0.230769230769,0.102564102564,0,0,0,0.025641025641,0.025641025641,0,0,0,0.025641025641,0,0,0,0.025641025641,0.0512820512821,0.128205128205,0,0.025641025641,0.0,0,0,0,0,0,0.179487179487,0.128205128205,0,0.025641025641,0.025641025641,0,0,0,0,0,0,0,0.0,0.189189189189,0.108108108108,0,0,0,0.027027027027,0.0540540540541,0,0,0,0.0540540540541,0,0,0,0.0,0.0,0.27027027027,0,0.0,0.027027027027,0,0,0,0,0,0.162162162162,0.0540540540541,0,0.0,0.027027027027,0,0,0,0,0,0,0,0.027027027027,0.0483866445137
95,0.494736842105,0.505263157895,False,0.168421052632,0.0947368421053,0,0.0210526315789,0,0.0210526315789,0.0315789473684,0,0,0,0.0210526315789,0,0,0.0315789473684,0,0.0105263157895,0.136842105263,0,0.0526315789474,0.105263157895,0,0,0,0.0105263157895,0,0.147368421053,0.0105263157895,0.0210526315789,0.0210526315789,0.0526315789474,0,0,0.0105263157895,0,0,0.0315789473684,0,0,0.212765957447,0.127659574468,0,0.0212765957447,0,0.0,0.0212765957447,0,0,0,0.0425531914894,0,0,0.0425531914894,0,0.0,0.148936170213,0,0.063829787234,0.0851063829787,0,0,0,0.0,0,0.063829787234,0.0212765957447,0.0425531914894,0.0212765957447,0.0425531914894,0,0,0.0212765957447,0,0,0.0212765957447,0,0,0.125,0.0625,0,0.0208333333333,0,0.0416666666667,0.0416666666667,0,0,0,0.0,0,0,0.0208333333333,0,0.0208333333333,0.125,0,0.0416666666667,0.125,0,0,0,0.0208333333333,0,0.229166666667,0.0,0.0,0.0208333333333,0.0625,0,0,0.0,0,0,0.0416666666667,0,0,0.0834161361592
143,0.377622377622,0.622377622378,True,0.251748251748,0.174825174825,0,0.027972027972,0,0.013986013986,0.020979020979,0,0,0,0.013986013986,0,0.013986013986,0.048951048951,0.00699300699301,0.020979020979,0.0979020979021,0,0.027972027972,0.027972027972,0,0,0,0.00699300699301,0,0.104895104895,0.048951048951,0,0.00699300699301,0.0559440559441,0,0,0,0,0.00699300699301,0,0.020979020979,0,0.37037037037,0.166666666667,0,0.0,0,0.0,0.0185185185185,0,0,0,0.0,0,0.0,0.0185185185185,0.0,0.037037037037,0.148148148148,0,0.037037037037,0.0185185185185,0,0,0,0.0185185185185,0,0.0740740740741,0.0,0,0.0,0.0555555555556,0,0,0,0,0.0,0,0.037037037037,0,0.179775280899,0.179775280899,0,0.0449438202247,0,0.0224719101124,0.0224719101124,0,0,0,0.0224719101124,0,0.0224719101124,0.0674157303371,0.0112359550562,0.0112359550562,0.0674157303371,0,0.0224719101124,0.0337078651685,0,0,0,0.0,0,0.123595505618,0.0786516853933,0,0.0112359550562,0.0561797752809,0,0,0,0,0.0112359550562,0,0.0112359550562,0,0.0802464101946
152,0.473684210526,0.526315789474,False,0.296052631579,0.0394736842105,0,0,0.0197368421053,0,0.0263157894737,0,0,0,0.0131578947368,0,0.0263157894737,0.0263157894737,0,0.0131578947368,0.105263157895,0.00657894736842,0,0.0394736842105,0,0,0,0,0.00657894736842,0.0657894736842,0.0460526315789,0,0,0.0921052631579,0,0,0,0,0,0.105263157895,0.0657894736842,0.00657894736842,0.319444444444,0.0277777777778,0,0,0.0416666666667,0,0.0277777777778,0,0,0,0.0277777777778,0,0.0277777777778,0.0277777777778,0,0.0,0.138888888889,0.0,0,0.0555555555556,0,0,0,0,0.0138888888889,0.111111111111,0.0138888888889,0,0,0.0972222222222,0,0,0,0,0,0.0555555555556,0.0138888888889,0.0,0.275,0.05,0,0,0.0,0,0.025,0,0,0,0.0,0,0.025,0.025,0,0.025,0.075,0.0125,0,0.025,0,0,0,0,0.0,0.025,0.075,0,0,0.0875,0,0,0,0,0,0.15,0.1125,0.0125,0.133976114917
17,0.176470588235,0.823529411765,False,0.117647058824,0,0,0,0,0,0.0588235294118,0,0,0,0,0,0,0,0,0.0588235294118,0.235294117647,0.0588235294118,0,0,0,0,0,0,0,0.294117647059,0,0.0588235294118,0,0,0,0,0,0,0,0,0.117647058824,0,0.0,0,0,0,0,0,0.333333333333,0,0,0,0,0,0,0,0,0.0,0.0,0.0,0,0,0,0,0,0,0,0.333333333333,0,0.333333333333,0,0,0,0,0,0,0,0,0.0,0,0.142857142857,0,0,0,0,0,0.0,0,0,0,0,0,0,0,0,0.0714285714286,0.285714285714,0.0714285714286,0,0,0,0,0,0,0,0.285714285714,0,0.0,0,0,0,0,0,0,0,0,0.142857142857,0,0.00159397118168
93,0.505376344086,0.494623655914,False,0.311827956989,0.118279569892,0,0.010752688172,0,0.010752688172,0.0537634408602,0,0,0,0,0,0,0.0537634408602,0,0.0430107526882,0.0967741935484,0,0,0,0,0,0,0,0,0.193548387097,0,0,0,0.010752688172,0,0,0,0,0,0.0215053763441,0.0752688172043,0,0.234042553191,0.191489361702,0,0.0,0,0.0212765957447,0.0212765957447,0,0,0,0,0,0,0.063829787234,0,0.0212765957447,0.127659574468,0,0,0,0,0,0,0,0,0.212765957447,0,0,0,0.0,0,0,0,0,0,0.0212765957447,0.0851063829787,0,0.391304347826,0.0434782608696,0,0.0217391304348,0,0.0,0.0869565217391,0,0,0,0,0,0,0.0434782608696,0,0.0652173913043,0.0652173913043,0,0,0,0,0,0,0,0,0.173913043478,0,0,0,0.0217391304348,0,0,0,0,0,0.0217391304348,0.0652173913043,0,0.109624822266
